{
  "label": "B_PCMP[R]",
  "full_name": "PCMP baseline (egg diapause); RK4 integration; threshold washout (original PCMP); s_obs fixed (0.01); mortality fixed (1.0); Differential Evolution",
  "species": "Aedes albopictus",
  "species_code": "Ae",
  "diapause": "egg",
  "integration": "RK4",
  "optimizer": "Differential Evolution",
  "config_key": "B_PCMP",
  "flags": {
    "washout_type": "threshold",
    "s_obs_estimated": false,
    "mortality_estimated": false
  },
  "day_length": 50,
  "delta_t": 0.02,
  "DE_MAXITER": 250,
  "DE_POPSIZE": 12,
  "DE_SEEDS": [
    123
  ],
  "n_objective_evaluations": 8064,
  "elapsed_sec": 249.2788507938385,
  "best_log_likelihood": -976.6399116688153,
  "best_negative_log_likelihood": 976.6399116688153,
  "k_estimated_parameters": 6,
  "active_parameters": [
    "p_b1",
    "p_b2",
    "p_ccl",
    "p_a1l",
    "p_a2l",
    "p_pf"
  ],
  "parameters": {
    "p_b1": 13.363316930878728,
    "p_b2": 13.34973663804298,
    "p_ccl": 1.4422288706738313,
    "p_a1l": 1.4999919430427455,
    "p_a2l": 1.4999898693122646,
    "p_pf": 1.572176264478703,
    "p_pf_scalar_l": -2.0,
    "p_dis_l": -2.0,
    "p_m_mult_egg_l": 0.0,
    "p_m_mult_larva_l": 0.0,
    "p_m_mult_pupa_l": 0.0,
    "p_m_mult_adult_l": 0.0,
    "p_m_mult_diapause_l": 0.0,
    "p_pf_max_l": 0.0,
    "p_hill_l": 0.3010299956639812
  },
  "converted_parameters": {
    "a1": 31.622189946760393,
    "a2": 31.622038953033012,
    "cc": 27.684001919043443,
    "pf_mm": 37.34016773293185,
    "pf_scalar": 0.01,
    "s_obs": 0.01,
    "dis": 0.01,
    "m_mult_egg": 1.0,
    "m_mult_larva": 1.0,
    "m_mult_pupa": 1.0,
    "m_mult_adult": 1.0,
    "m_mult_diapause": 1.0,
    "pf_max": 1.0,
    "hill": 2.0
  },
  "stats": {
    "n": 139,
    "k": 6,
    "logL": -976.6399116688153,
    "NLL": 976.6399116688153,
    "AIC": 1965.2798233376307,
    "BIC": 1982.8866669364147,
    "AICc": 1965.9161869739944,
    "R2_Linear": 0.19671592211380518,
    "RMSE_Linear": 11.85295399777693,
    "R2_Log10": 0.2105004351585542,
    "RMSE_Log10": 0.39605680665615417,
    "MAE": 8.912931386553304,
    "Bias": 0.0001711401719067064,
    "Pearson_r_Linear": 0.5110158797883574,
    "Pearson_r_Log10": 0.5888983662800924,
    "Spearman_r_Linear": 0.6015811605815056,
    "Spearman_r_Log10": 0.6015811605815056
  },
  "scipy_result_success": true,
  "scipy_result_message": "Optimization terminated successfully.",
  "csv_path": "./output_paraest/saitama/Aedes_albopictus/B_PCMP_R/Ae_B_PCMP_R_est_week_saitama.csv",
  "param_csv_path": "./output_paraest/saitama/Aedes_albopictus/B_PCMP_R/Ae_B_PCMP_R_params_saitama.csv",
  "source_design": "unified PCMP estimation program (species/integrator/config selectable, DE optimizer)",
  "generated_at": "2026-06-21T22:07:44"
}