{
  "label": "B_PCMP[E]",
  "full_name": "PCMP baseline (egg diapause); Euler integration; threshold washout (original PCMP); s_obs fixed (0.01); mortality fixed (1.0); Differential Evolution",
  "species": "Aedes albopictus",
  "species_code": "Ae",
  "diapause": "egg",
  "integration": "Euler",
  "optimizer": "Differential Evolution",
  "config_key": "B_PCMP",
  "flags": {
    "washout_type": "threshold",
    "s_obs_estimated": false,
    "mortality_estimated": false
  },
  "day_length": 50,
  "delta_t": 0.02,
  "DE_MAXITER": 250,
  "DE_POPSIZE": 12,
  "DE_SEEDS": [
    123
  ],
  "n_objective_evaluations": 9360,
  "elapsed_sec": 19.111877918243408,
  "best_log_likelihood": -988.0591705506765,
  "best_negative_log_likelihood": 988.0591705506765,
  "k_estimated_parameters": 6,
  "active_parameters": [
    "p_b1",
    "p_b2",
    "p_ccl",
    "p_a1l",
    "p_a2l",
    "p_pf"
  ],
  "parameters": {
    "p_b1": 13.352977735668901,
    "p_b2": 13.3406405411178,
    "p_ccl": 1.4427536325633068,
    "p_a1l": 1.4999946114455458,
    "p_a2l": 1.4999959207724687,
    "p_pf": 1.4888338181991594,
    "p_pf_scalar_l": -2.0,
    "p_dis_l": -2.0,
    "p_m_mult_egg_l": 0.0,
    "p_m_mult_larva_l": 0.0,
    "p_m_mult_pupa_l": 0.0,
    "p_m_mult_adult_l": 0.0,
    "p_m_mult_diapause_l": 0.0,
    "p_pf_max_l": 0.0,
    "p_hill_l": 0.3010299956639812
  },
  "converted_parameters": {
    "a1": 31.62238424119182,
    "a2": 31.622479577658645,
    "cc": 27.717472962670406,
    "pf_mm": 30.82008401046699,
    "pf_scalar": 0.01,
    "s_obs": 0.01,
    "dis": 0.01,
    "m_mult_egg": 1.0,
    "m_mult_larva": 1.0,
    "m_mult_pupa": 1.0,
    "m_mult_adult": 1.0,
    "m_mult_diapause": 1.0,
    "pf_max": 1.0,
    "hill": 2.0
  },
  "stats": {
    "n": 139,
    "k": 6,
    "logL": -988.0591705506765,
    "NLL": 988.0591705506765,
    "AIC": 1988.118341101353,
    "BIC": 2005.725184700137,
    "AICc": 1988.7547047377168,
    "R2_Linear": 0.19000853322684153,
    "RMSE_Linear": 11.902336963910491,
    "R2_Log10": 0.20184769065942587,
    "RMSE_Log10": 0.3982212408603465,
    "MAE": 8.953484021945474,
    "Bias": -0.0022873047411923683,
    "Pearson_r_Linear": 0.5076149498534239,
    "Pearson_r_Log10": 0.5858349920099359,
    "Spearman_r_Linear": 0.5982535363762379,
    "Spearman_r_Log10": 0.5982535363762379
  },
  "scipy_result_success": true,
  "scipy_result_message": "Optimization terminated successfully.",
  "csv_path": "./output_paraest/saitama/Aedes_albopictus/B_PCMP_E/Ae_B_PCMP_E_est_week_saitama.csv",
  "param_csv_path": "./output_paraest/saitama/Aedes_albopictus/B_PCMP_E/Ae_B_PCMP_E_params_saitama.csv",
  "source_design": "unified PCMP estimation program (species/integrator/config selectable, DE optimizer)",
  "generated_at": "2026-06-21T20:28:42"
}