{
  "label": "B_PCMP[R]",
  "full_name": "PCMP baseline (egg diapause); RK4 integration; threshold washout (original PCMP); s_obs fixed (0.01); mortality fixed (1.0); Differential Evolution",
  "species": "Aedes albopictus",
  "species_code": "Ae",
  "diapause": "egg",
  "integration": "RK4",
  "optimizer": "Differential Evolution",
  "config_key": "B_PCMP",
  "flags": {
    "washout_type": "threshold",
    "s_obs_estimated": false,
    "mortality_estimated": false
  },
  "day_length": 50,
  "delta_t": 0.02,
  "DE_MAXITER": 250,
  "DE_POPSIZE": 12,
  "DE_SEEDS": [
    123
  ],
  "n_objective_evaluations": 9432,
  "elapsed_sec": 346.24404311180115,
  "best_log_likelihood": -4310.160774430989,
  "best_negative_log_likelihood": 4310.160774430989,
  "k_estimated_parameters": 6,
  "active_parameters": [
    "p_b1",
    "p_b2",
    "p_ccl",
    "p_a1l",
    "p_a2l",
    "p_pf"
  ],
  "parameters": {
    "p_b1": 13.361118777030722,
    "p_b2": 13.361099364951594,
    "p_ccl": 1.2437203266037051,
    "p_a1l": 1.4999828809387399,
    "p_a2l": 1.4999927397946897,
    "p_pf": -0.9639541078956886,
    "p_pf_scalar_l": -2.0,
    "p_dis_l": -2.0,
    "p_m_mult_egg_l": 0.0,
    "p_m_mult_larva_l": 0.0,
    "p_m_mult_pupa_l": 0.0,
    "p_m_mult_adult_l": 0.0,
    "p_m_mult_diapause_l": 0.0,
    "p_pf_max_l": 0.0,
    "p_hill_l": 0.3010299956639812
  },
  "converted_parameters": {
    "a1": 31.621530116630403,
    "a2": 31.62224796054017,
    "cc": 17.52751415858686,
    "pf_mm": 0.10865404327949259,
    "pf_scalar": 0.01,
    "s_obs": 0.01,
    "dis": 0.01,
    "m_mult_egg": 1.0,
    "m_mult_larva": 1.0,
    "m_mult_pupa": 1.0,
    "m_mult_adult": 1.0,
    "m_mult_diapause": 1.0,
    "pf_max": 1.0,
    "hill": 2.0
  },
  "stats": {
    "n": 548,
    "k": 6,
    "logL": -4310.160774430989,
    "NLL": 4310.160774430989,
    "AIC": 8632.321548861977,
    "BIC": 8658.159200583665,
    "AICc": 8632.476816884158,
    "R2_Linear": 0.16924020964963504,
    "RMSE_Linear": 16.889771163646728,
    "R2_Log10": 0.29164095927826805,
    "RMSE_Log10": 0.5114131577557346,
    "MAE": 8.33877040374064,
    "Bias": 0.0012619903650406027,
    "Pearson_r_Linear": 0.4265292496318403,
    "Pearson_r_Log10": 0.6747122421982628,
    "Spearman_r_Linear": 0.7060719122397615,
    "Spearman_r_Log10": 0.7060719122397615
  },
  "scipy_result_success": true,
  "scipy_result_message": "Optimization terminated successfully.",
  "csv_path": "./output_paraest/tokyo/Aedes_albopictus/B_PCMP_R/Ae_B_PCMP_R_est_week_tokyo.csv",
  "param_csv_path": "./output_paraest/tokyo/Aedes_albopictus/B_PCMP_R/Ae_B_PCMP_R_params_tokyo.csv",
  "source_design": "unified PCMP estimation program (species/integrator/config selectable, DE optimizer)",
  "generated_at": "2026-06-10T19:03:09"
}