{
  "label": "B_PCMP[E]",
  "full_name": "PCMP baseline (egg diapause); Euler integration; threshold washout (original PCMP); s_obs fixed (0.01); mortality fixed (1.0); Differential Evolution",
  "species": "Aedes albopictus",
  "species_code": "Ae",
  "diapause": "egg",
  "integration": "Euler",
  "optimizer": "Differential Evolution",
  "config_key": "B_PCMP",
  "flags": {
    "washout_type": "threshold",
    "s_obs_estimated": false,
    "mortality_estimated": false
  },
  "day_length": 50,
  "delta_t": 0.02,
  "DE_MAXITER": 250,
  "DE_POPSIZE": 12,
  "DE_SEEDS": [
    123
  ],
  "n_objective_evaluations": 12312,
  "elapsed_sec": 78.49026203155518,
  "best_log_likelihood": -4322.390435085591,
  "best_negative_log_likelihood": 4322.390435085591,
  "k_estimated_parameters": 6,
  "active_parameters": [
    "p_b1",
    "p_b2",
    "p_ccl",
    "p_a1l",
    "p_a2l",
    "p_pf"
  ],
  "parameters": {
    "p_b1": 13.36534412304316,
    "p_b2": 13.364703328460564,
    "p_ccl": 1.2498157839292152,
    "p_a1l": 1.4999891720619574,
    "p_a2l": 1.4999985007119934,
    "p_pf": -0.9053253085698432,
    "p_pf_scalar_l": -2.0,
    "p_dis_l": -2.0,
    "p_m_mult_egg_l": 0.0,
    "p_m_mult_larva_l": 0.0,
    "p_m_mult_pupa_l": 0.0,
    "p_m_mult_adult_l": 0.0,
    "p_m_mult_diapause_l": 0.0,
    "p_pf_max_l": 0.0,
    "p_hill_l": 0.3010299956639812
  },
  "converted_parameters": {
    "a1": 31.621988184580736,
    "a2": 31.622667432514408,
    "cc": 17.775252715633073,
    "pf_mm": 0.12435827563226887,
    "pf_scalar": 0.01,
    "s_obs": 0.01,
    "dis": 0.01,
    "m_mult_egg": 1.0,
    "m_mult_larva": 1.0,
    "m_mult_pupa": 1.0,
    "m_mult_adult": 1.0,
    "m_mult_diapause": 1.0,
    "pf_max": 1.0,
    "hill": 2.0
  },
  "stats": {
    "n": 548,
    "k": 6,
    "logL": -4322.390435085591,
    "NLL": 4322.390435085591,
    "AIC": 8656.780870171182,
    "BIC": 8682.61852189287,
    "AICc": 8656.936138193363,
    "R2_Linear": 0.16658647644115554,
    "RMSE_Linear": 16.91672553168776,
    "R2_Log10": 0.29224885079240737,
    "RMSE_Log10": 0.5111936712896616,
    "MAE": 8.3520913142687,
    "Bias": 0.0005593065416647288,
    "Pearson_r_Linear": 0.4245916071130353,
    "Pearson_r_Log10": 0.6745718569757618,
    "Spearman_r_Linear": 0.7051121510352328,
    "Spearman_r_Log10": 0.7051121510352328
  },
  "scipy_result_success": true,
  "scipy_result_message": "Optimization terminated successfully.",
  "csv_path": "./output_paraest/tokyo/Aedes_albopictus/B_PCMP_E/Ae_B_PCMP_E_est_week_tokyo.csv",
  "param_csv_path": "./output_paraest/tokyo/Aedes_albopictus/B_PCMP_E/Ae_B_PCMP_E_params_tokyo.csv",
  "source_design": "unified PCMP estimation program (species/integrator/config selectable, DE optimizer)",
  "generated_at": "2026-06-10T18:58:26"
}