{
  "label": "MRM",
  "full_name": "PCMP (egg diapause); RK4 integration; threshold washout (original PCMP); s_obs fixed (0.01); mortality estimated; Differential Evolution",
  "species": "Aedes albopictus",
  "species_code": "Ae",
  "diapause": "egg",
  "integration": "RK4",
  "optimizer": "Differential Evolution",
  "config_key": "MM",
  "flags": {
    "washout_type": "threshold",
    "s_obs_estimated": false,
    "mortality_estimated": true
  },
  "day_length": 50,
  "delta_t": 0.02,
  "DE_MAXITER": 250,
  "DE_POPSIZE": 12,
  "DE_SEEDS": [
    123
  ],
  "n_objective_evaluations": 10668,
  "elapsed_sec": 553.1331520080566,
  "best_log_likelihood": -671.0354043595394,
  "best_negative_log_likelihood": 671.0354043595394,
  "k_estimated_parameters": 7,
  "active_parameters": [
    "p_ccl",
    "p_pf",
    "p_m_mult_egg_l",
    "p_m_mult_larva_l",
    "p_m_mult_pupa_l",
    "p_m_mult_adult_l",
    "p_m_mult_diapause_l"
  ],
  "parameters": {
    "p_b1": 14.5,
    "p_b2": 13.586,
    "p_ccl": 1.6132475555287704,
    "p_a1l": 1.499948130575651,
    "p_a2l": 1.5000030680516931,
    "p_pf": 0.42168514487980613,
    "p_pf_scalar_l": -2.0,
    "p_dis_l": -2.0,
    "p_m_mult_egg_l": -1.9999963689711147,
    "p_m_mult_larva_l": -1.85659130904076,
    "p_m_mult_pupa_l": -1.9999497536527182,
    "p_m_mult_adult_l": 0.18602993065764373,
    "p_m_mult_diapause_l": -0.934168673559397,
    "p_pf_max_l": 0.0,
    "p_hill_l": 0.3010299956639812
  },
  "converted_parameters": {
    "a1": 31.619,
    "a2": 31.622999999999994,
    "cc": 41.04379932281644,
    "pf_mm": 2.640493756208271,
    "pf_scalar": 0.01,
    "s_obs": 0.01,
    "dis": 0.01,
    "m_mult_egg": 0.010000083607879347,
    "m_mult_larva": 0.0139126125581581,
    "m_mult_pupa": 0.010001157031833255,
    "m_mult_adult": 1.5347227490022932,
    "m_mult_diapause": 0.11636739878512482,
    "pf_max": 1.0,
    "hill": 2.0
  },
  "stats": {
    "n": 139,
    "k": 7,
    "logL": -671.0354043595394,
    "NLL": 671.0354043595394,
    "AIC": 1356.0708087190787,
    "BIC": 1376.6121262509937,
    "AICc": 1356.9257705511397,
    "R2_Linear": 0.40321794406678246,
    "RMSE_Linear": 10.216447265224872,
    "R2_Log10": 0.5743471306156047,
    "RMSE_Log10": 0.29080998680977005,
    "MAE": 7.359633664515014,
    "Bias": -0.0009291066521507791,
    "Pearson_r_Linear": 0.643712415121019,
    "Pearson_r_Log10": 0.7738036864507044,
    "Spearman_r_Linear": 0.7631926268629076,
    "Spearman_r_Log10": 0.7631926268629076
  },
  "scipy_result_success": true,
  "scipy_result_message": "Optimization terminated successfully.",
  "csv_path": "./output_paraest/saitama/Aedes_albopictus/MRM/Ae_MRM_est_week_saitama.csv",
  "param_csv_path": "./output_paraest/saitama/Aedes_albopictus/MRM/Ae_MRM_params_saitama.csv",
  "source_design": "unified PCMP estimation program (species/integrator/config selectable, DE optimizer)",
  "generated_at": "2026-06-21T22:20:29"
}