{
  "label": "MEA-washout",
  "full_name": "PCMP (egg diapause); Euler integration; threshold washout (original PCMP); s_obs estimated; mortality estimated; Differential Evolution",
  "species": "Aedes albopictus",
  "species_code": "Ae",
  "diapause": "egg",
  "integration": "Euler",
  "optimizer": "Differential Evolution",
  "config_key": "MA-washout",
  "flags": {
    "washout_type": "threshold",
    "s_obs_estimated": true,
    "mortality_estimated": true
  },
  "day_length": 50,
  "delta_t": 0.02,
  "DE_MAXITER": 250,
  "DE_POPSIZE": 12,
  "DE_SEEDS": [
    123
  ],
  "n_objective_evaluations": 36144,
  "elapsed_sec": 1236.6505808830261,
  "best_log_likelihood": -3822.047652253915,
  "best_negative_log_likelihood": 3822.047652253915,
  "k_estimated_parameters": 12,
  "active_parameters": [
    "p_b1",
    "p_b2",
    "p_ccl",
    "p_a1l",
    "p_a2l",
    "p_pf",
    "p_dis_l",
    "p_m_mult_egg_l",
    "p_m_mult_larva_l",
    "p_m_mult_pupa_l",
    "p_m_mult_adult_l",
    "p_m_mult_diapause_l"
  ],
  "parameters": {
    "p_b1": 14.498435956208892,
    "p_b2": 13.590122349803535,
    "p_ccl": 1.943631751372684,
    "p_a1l": 1.495442404075186,
    "p_a2l": 1.4995729396816326,
    "p_pf": -0.9755362885997714,
    "p_pf_scalar_l": -2.0,
    "p_dis_l": -2.626329068910781,
    "p_m_mult_egg_l": -1.996350091936665,
    "p_m_mult_larva_l": 0.9987398702110606,
    "p_m_mult_pupa_l": -1.9347594548096918,
    "p_m_mult_adult_l": 0.11750357139011791,
    "p_m_mult_diapause_l": -1.289030024656131,
    "p_pf_max_l": 0.0,
    "p_hill_l": 0.3010299956639812
  },
  "converted_parameters": {
    "a1": 31.292654423694614,
    "a2": 31.59169585845104,
    "cc": 87.82774886265376,
    "pf_mm": 0.1057946512843129,
    "pf_scalar": 0.01,
    "s_obs": 0.0023641276974321326,
    "dis": 0.0023641276974321326,
    "m_mult_egg": 0.010084396385284009,
    "m_mult_larva": 9.971026493781276,
    "m_mult_pupa": 0.011620920902714977,
    "m_mult_adult": 1.3107008207777466,
    "m_mult_diapause": 0.05140081147496514,
    "pf_max": 1.0,
    "hill": 2.0
  },
  "stats": {
    "n": 548,
    "k": 12,
    "logL": -3822.047652253915,
    "NLL": 3822.047652253915,
    "AIC": 7668.09530450783,
    "BIC": 7719.770607951206,
    "AICc": 7668.678482077924,
    "R2_Linear": 0.21272315269868436,
    "RMSE_Linear": 16.441815527178562,
    "R2_Log10": 0.43422745156176423,
    "RMSE_Log10": 0.4570525250656737,
    "MAE": 7.856945913047658,
    "Bias": -0.011185908810035807,
    "Pearson_r_Linear": 0.4703566535607344,
    "Pearson_r_Log10": 0.7457897203024728,
    "Spearman_r_Linear": 0.7690050795073041,
    "Spearman_r_Log10": 0.7690050795073041
  },
  "scipy_result_success": false,
  "scipy_result_message": "Maximum number of iterations has been exceeded.",
  "csv_path": "./output_paraest/tokyo/Aedes_albopictus/MEA_washout/Ae_MEA_washout_est_week_tokyo.csv",
  "param_csv_path": "./output_paraest/tokyo/Aedes_albopictus/MEA_washout/Ae_MEA_washout_params_tokyo.csv",
  "source_design": "unified PCMP estimation program (species/integrator/config selectable, DE optimizer)",
  "generated_at": "2026-06-10T20:07:38"
}