{
  "label": "MEA-washout",
  "full_name": "PCMP (egg diapause); Euler integration; threshold washout (original PCMP); s_obs estimated; mortality estimated; Differential Evolution",
  "species": "Aedes albopictus",
  "species_code": "Ae",
  "diapause": "egg",
  "integration": "Euler",
  "optimizer": "Differential Evolution",
  "config_key": "MA-washout",
  "flags": {
    "washout_type": "threshold",
    "s_obs_estimated": true,
    "mortality_estimated": true
  },
  "day_length": 50,
  "delta_t": 0.02,
  "DE_MAXITER": 250,
  "DE_POPSIZE": 12,
  "DE_SEEDS": [
    123
  ],
  "n_objective_evaluations": 36144,
  "elapsed_sec": 1169.0407021045685,
  "best_log_likelihood": -666.3648850016796,
  "best_negative_log_likelihood": 666.3648850016796,
  "k_estimated_parameters": 12,
  "active_parameters": [
    "p_b1",
    "p_b2",
    "p_ccl",
    "p_a1l",
    "p_a2l",
    "p_pf",
    "p_dis_l",
    "p_m_mult_egg_l",
    "p_m_mult_larva_l",
    "p_m_mult_pupa_l",
    "p_m_mult_adult_l",
    "p_m_mult_diapause_l"
  ],
  "parameters": {
    "p_b1": 13.794514241113326,
    "p_b2": 13.792842274922542,
    "p_ccl": 2.3500875407577784,
    "p_a1l": 0.9682818725305768,
    "p_a2l": 1.4970639528427978,
    "p_pf": 0.4114393740289416,
    "p_pf_scalar_l": -2.0,
    "p_dis_l": -2.770089074043928,
    "p_m_mult_egg_l": -1.9580539854791705,
    "p_m_mult_larva_l": -1.7703302259629043,
    "p_m_mult_pupa_l": -1.9037737926366924,
    "p_m_mult_adult_l": 0.1451660923492707,
    "p_m_mult_diapause_l": -0.9615678419761776,
    "p_pf_max_l": 0.0,
    "p_hill_l": 0.3010299956639812
  },
  "converted_parameters": {
    "a1": 9.295695146357339,
    "a2": 31.40971189385054,
    "cc": 223.91724431697142,
    "pf_mm": 2.578928929956291,
    "pf_scalar": 0.01,
    "s_obs": 0.0016978953774448146,
    "dis": 0.0016978953774448146,
    "m_mult_egg": 0.011014023899303754,
    "m_mult_larva": 0.016969528440068878,
    "m_mult_pupa": 0.012480333977790933,
    "m_mult_adult": 1.3969024927706366,
    "m_mult_diapause": 0.10925269481226803,
    "pf_max": 1.0,
    "hill": 2.0
  },
  "stats": {
    "n": 139,
    "k": 12,
    "logL": -666.3648850016796,
    "NLL": 666.3648850016796,
    "AIC": 1356.7297700033591,
    "BIC": 1391.9434572009275,
    "AICc": 1359.2059604795495,
    "R2_Linear": 0.4194309091945584,
    "RMSE_Linear": 10.076714980563958,
    "R2_Log10": 0.5677150277210128,
    "RMSE_Log10": 0.29306678707304384,
    "MAE": 7.3267602343636264,
    "Bias": 0.028355861881890723,
    "Pearson_r_Linear": 0.6536579945516946,
    "Pearson_r_Log10": 0.7708294074167399,
    "Spearman_r_Linear": 0.7649863193181023,
    "Spearman_r_Log10": 0.7649863193181023
  },
  "scipy_result_success": false,
  "scipy_result_message": "Maximum number of iterations has been exceeded.",
  "csv_path": "./output_paraest/saitama/Aedes_albopictus/MEA_washout/Ae_MEA_washout_est_week_saitama.csv",
  "param_csv_path": "./output_paraest/saitama/Aedes_albopictus/MEA_washout/Ae_MEA_washout_params_saitama.csv",
  "source_design": "unified PCMP estimation program (species/integrator/config selectable, DE optimizer)",
  "generated_at": "2026-06-10T21:52:07"
}