{
  "label": "MRW",
  "full_name": "PCMP (egg diapause); RK4 integration; Hill saturating washout; s_obs fixed (0.01); mortality fixed (1.0); Differential Evolution",
  "species": "Aedes albopictus",
  "species_code": "Ae",
  "diapause": "egg",
  "integration": "RK4",
  "optimizer": "Differential Evolution",
  "config_key": "MW",
  "flags": {
    "washout_type": "hill",
    "s_obs_estimated": false,
    "mortality_estimated": false
  },
  "day_length": 50,
  "delta_t": 0.02,
  "DE_MAXITER": 250,
  "DE_POPSIZE": 12,
  "DE_SEEDS": [
    123
  ],
  "n_objective_evaluations": 16032,
  "elapsed_sec": 2434.6435787677765,
  "best_log_likelihood": -4320.1904044422745,
  "best_negative_log_likelihood": 4320.1904044422745,
  "k_estimated_parameters": 8,
  "active_parameters": [
    "p_b1",
    "p_b2",
    "p_ccl",
    "p_a1l",
    "p_a2l",
    "p_pf",
    "p_pf_max_l",
    "p_hill_l"
  ],
  "parameters": {
    "p_b1": 13.360293077407114,
    "p_b2": 13.360277785549115,
    "p_ccl": 1.2405114087929943,
    "p_a1l": 1.4999803991038703,
    "p_a2l": 1.499999382166088,
    "p_pf": -0.9517583475358737,
    "p_pf_scalar_l": -2.0,
    "p_dis_l": -2.0,
    "p_m_mult_egg_l": 0.0,
    "p_m_mult_larva_l": 0.0,
    "p_m_mult_pupa_l": 0.0,
    "p_m_mult_adult_l": 0.0,
    "p_m_mult_diapause_l": 0.0,
    "p_pf_max_l": 0.3898379243193648,
    "p_hill_l": 0.19601433044772898
  },
  "converted_parameters": {
    "a1": 31.621349411613178,
    "a2": 31.62273161467453,
    "cc": 17.398484027625628,
    "pf_mm": 0.11174848717446766,
    "pf_scalar": 0.01,
    "s_obs": 0.01,
    "dis": 0.01,
    "m_mult_egg": 1.0,
    "m_mult_larva": 1.0,
    "m_mult_pupa": 1.0,
    "m_mult_adult": 1.0,
    "m_mult_diapause": 1.0,
    "pf_max": 2.4537930063034676,
    "hill": 1.570414622568202
  },
  "stats": {
    "n": 548,
    "k": 8,
    "logL": -4320.1904044422745,
    "NLL": 4320.1904044422745,
    "AIC": 8656.380808884549,
    "BIC": 8690.831011180133,
    "AICc": 8656.647970294567,
    "R2_Linear": 0.16733118851669393,
    "RMSE_Linear": 16.909165715943253,
    "R2_Log10": 0.29111111234058695,
    "RMSE_Log10": 0.511604388493194,
    "MAE": 8.347918573538776,
    "Bias": -0.0007683546795020567,
    "Pearson_r_Linear": 0.4248539048365624,
    "Pearson_r_Log10": 0.6742754715611121,
    "Spearman_r_Linear": 0.705443727175713,
    "Spearman_r_Log10": 0.705443727175713
  },
  "scipy_result_success": true,
  "scipy_result_message": "Optimization terminated successfully.",
  "csv_path": "./output_paraest/tokyo/Aedes_albopictus/MRW/Ae_MRW_est_week_tokyo.csv",
  "param_csv_path": "./output_paraest/tokyo/Aedes_albopictus/MRW/Ae_MRW_params_tokyo.csv",
  "source_design": "unified PCMP estimation program (species/integrator/config selectable, DE optimizer)",
  "generated_at": "2026-06-10T19:43:44"
}