{
  "label": "MRA",
  "full_name": "PCMP (egg diapause); RK4 integration; Hill saturating washout; s_obs estimated; mortality estimated; Differential Evolution",
  "species": "Aedes albopictus",
  "species_code": "Ae",
  "diapause": "egg",
  "integration": "RK4",
  "optimizer": "Differential Evolution",
  "config_key": "MA",
  "flags": {
    "washout_type": "hill",
    "s_obs_estimated": true,
    "mortality_estimated": true
  },
  "day_length": 50,
  "delta_t": 0.02,
  "DE_MAXITER": 250,
  "DE_POPSIZE": 12,
  "DE_SEEDS": [
    123
  ],
  "n_objective_evaluations": 30120,
  "elapsed_sec": 810.2524769306183,
  "best_log_likelihood": -671.8498966693452,
  "best_negative_log_likelihood": 671.8498966693452,
  "k_estimated_parameters": 10,
  "active_parameters": [
    "p_ccl",
    "p_pf",
    "p_dis_l",
    "p_m_mult_egg_l",
    "p_m_mult_larva_l",
    "p_m_mult_pupa_l",
    "p_m_mult_adult_l",
    "p_m_mult_diapause_l",
    "p_pf_max_l",
    "p_hill_l"
  ],
  "parameters": {
    "p_b1": 14.5,
    "p_b2": 13.586,
    "p_ccl": 0.47798085747359753,
    "p_a1l": 1.499948130575651,
    "p_a2l": 1.5000030680516931,
    "p_pf": 0.4740851055752793,
    "p_pf_scalar_l": -2.0,
    "p_dis_l": -0.8659460624894701,
    "p_m_mult_egg_l": -1.99989986548971,
    "p_m_mult_larva_l": -1.8047790128952772,
    "p_m_mult_pupa_l": -1.999853540216805,
    "p_m_mult_adult_l": 0.18615624469636638,
    "p_m_mult_diapause_l": -0.9345915286500557,
    "p_pf_max_l": 0.9191830683121291,
    "p_hill_l": 1.6891355962263188
  },
  "converted_parameters": {
    "a1": 31.619,
    "a2": 31.622999999999994,
    "cc": 3.0059438058335037,
    "pf_mm": 2.979100165128212,
    "pf_scalar": 0.01,
    "s_obs": 0.13616137785520688,
    "dis": 0.13616137785520688,
    "m_mult_egg": 0.010002305948135856,
    "m_mult_larva": 0.015675485011157897,
    "m_mult_pupa": 0.01000337292983999,
    "m_mult_adult": 1.5351691862265793,
    "m_mult_diapause": 0.1162541516646427,
    "pf_max": 8.302006485501597,
    "hill": 48.88049511061771
  },
  "stats": {
    "n": 139,
    "k": 10,
    "logL": -671.8498966693452,
    "NLL": 671.8498966693452,
    "AIC": 1363.6997933386904,
    "BIC": 1393.0445326699974,
    "AICc": 1365.4185433386904,
    "R2_Linear": 0.401794513835922,
    "RMSE_Linear": 10.228624020981222,
    "R2_Log10": 0.5740812405107576,
    "RMSE_Log10": 0.2909008019221646,
    "MAE": 7.369231138108604,
    "Bias": 0.005654038491008345,
    "Pearson_r_Linear": 0.6429344861057114,
    "Pearson_r_Log10": 0.7736804328393097,
    "Spearman_r_Linear": 0.763412079872407,
    "Spearman_r_Log10": 0.763412079872407
  },
  "scipy_result_success": false,
  "scipy_result_message": "Maximum number of iterations has been exceeded.",
  "csv_path": "./output_paraest/saitama/Aedes_albopictus/MRA/Ae_MRA_est_week_saitama.csv",
  "param_csv_path": "./output_paraest/saitama/Aedes_albopictus/MRA/Ae_MRA_params_saitama.csv",
  "source_design": "unified PCMP estimation program (species/integrator/config selectable, DE optimizer)",
  "generated_at": "2026-06-21T21:14:54"
}