{
  "label": "MEM",
  "full_name": "PCMP (egg diapause); Euler integration; threshold washout (original PCMP); s_obs fixed (0.01); mortality estimated; Differential Evolution",
  "species": "Aedes albopictus",
  "species_code": "Ae",
  "diapause": "egg",
  "integration": "Euler",
  "optimizer": "Differential Evolution",
  "config_key": "MM",
  "flags": {
    "washout_type": "threshold",
    "s_obs_estimated": false,
    "mortality_estimated": true
  },
  "day_length": 50,
  "delta_t": 0.02,
  "DE_MAXITER": 250,
  "DE_POPSIZE": 12,
  "DE_SEEDS": [
    123
  ],
  "n_objective_evaluations": 33132,
  "elapsed_sec": 347.14595198631287,
  "best_log_likelihood": -666.2380471208016,
  "best_negative_log_likelihood": 666.2380471208016,
  "k_estimated_parameters": 11,
  "active_parameters": [
    "p_b1",
    "p_b2",
    "p_ccl",
    "p_a1l",
    "p_a2l",
    "p_pf",
    "p_m_mult_egg_l",
    "p_m_mult_larva_l",
    "p_m_mult_pupa_l",
    "p_m_mult_adult_l",
    "p_m_mult_diapause_l"
  ],
  "parameters": {
    "p_b1": 13.796927241038446,
    "p_b2": 13.796773283125187,
    "p_ccl": 1.5867956226913633,
    "p_a1l": 0.9472040533514013,
    "p_a2l": 1.4998382302094995,
    "p_pf": 0.3793057639851239,
    "p_pf_scalar_l": -2.0,
    "p_dis_l": -2.0,
    "p_m_mult_egg_l": -1.9981834244152232,
    "p_m_mult_larva_l": -1.8799550504034666,
    "p_m_mult_pupa_l": -1.9840878051596809,
    "p_m_mult_adult_l": 0.1525444574898276,
    "p_m_mult_diapause_l": -0.963901668896351,
    "p_pf_max_l": 0.0,
    "p_hill_l": 0.3010299956639812
  },
  "converted_parameters": {
    "a1": 8.855315792956793,
    "a2": 31.610999668004368,
    "cc": 38.618519702026255,
    "pf_mm": 2.39500135790787,
    "pf_scalar": 0.01,
    "s_obs": 0.01,
    "dis": 0.01,
    "m_mult_egg": 0.010041915800626576,
    "m_mult_larva": 0.013183931855470104,
    "m_mult_pupa": 0.010373186707179509,
    "m_mult_adult": 1.4208376525217927,
    "m_mult_diapause": 0.10866716353208739,
    "pf_max": 1.0,
    "hill": 2.0
  },
  "stats": {
    "n": 139,
    "k": 11,
    "logL": -666.2380471208016,
    "NLL": 666.2380471208016,
    "AIC": 1354.4760942416033,
    "BIC": 1386.755307506041,
    "AICc": 1356.5548343990836,
    "R2_Linear": 0.4190887892055706,
    "RMSE_Linear": 10.079683565992768,
    "R2_Log10": 0.5702649284905315,
    "RMSE_Log10": 0.29220115844872835,
    "MAE": 7.331939765623639,
    "Bias": 0.024874272210998,
    "Pearson_r_Linear": 0.6536358317601917,
    "Pearson_r_Log10": 0.7722272107692392,
    "Spearman_r_Linear": 0.7649191398253983,
    "Spearman_r_Log10": 0.7649191398253983
  },
  "scipy_result_success": false,
  "scipy_result_message": "Maximum number of iterations has been exceeded.",
  "csv_path": "./output_paraest/saitama/Aedes_albopictus/MEM/Ae_MEM_est_week_saitama.csv",
  "param_csv_path": "./output_paraest/saitama/Aedes_albopictus/MEM/Ae_MEM_params_saitama.csv",
  "source_design": "unified PCMP estimation program (species/integrator/config selectable, DE optimizer)",
  "generated_at": "2026-06-10T21:11:45"
}