{
  "label": "MEA-s_obs",
  "full_name": "PCMP (egg diapause); Euler integration; Hill saturating washout; s_obs fixed (0.01); mortality estimated; Differential Evolution",
  "species": "Aedes albopictus",
  "species_code": "Ae",
  "diapause": "egg",
  "integration": "Euler",
  "optimizer": "Differential Evolution",
  "config_key": "MA-s_obs",
  "flags": {
    "washout_type": "hill",
    "s_obs_estimated": false,
    "mortality_estimated": true
  },
  "day_length": 50,
  "delta_t": 0.02,
  "DE_MAXITER": 250,
  "DE_POPSIZE": 12,
  "DE_SEEDS": [
    123
  ],
  "n_objective_evaluations": 39156,
  "elapsed_sec": 294.6804368495941,
  "best_log_likelihood": -667.1512123139061,
  "best_negative_log_likelihood": 667.1512123139061,
  "k_estimated_parameters": 13,
  "active_parameters": [
    "p_b1",
    "p_b2",
    "p_ccl",
    "p_a1l",
    "p_a2l",
    "p_pf",
    "p_m_mult_egg_l",
    "p_m_mult_larva_l",
    "p_m_mult_pupa_l",
    "p_m_mult_adult_l",
    "p_m_mult_diapause_l",
    "p_pf_max_l",
    "p_hill_l"
  ],
  "parameters": {
    "p_b1": 13.801181908459226,
    "p_b2": 13.800598808292884,
    "p_ccl": 1.5927256419800764,
    "p_a1l": 0.9307985109234633,
    "p_a2l": 1.4996108388552163,
    "p_pf": 0.5425524527263824,
    "p_pf_scalar_l": -2.0,
    "p_dis_l": -2.0,
    "p_m_mult_egg_l": -1.9791903203780772,
    "p_m_mult_larva_l": 0.990198238397114,
    "p_m_mult_pupa_l": -1.9671003193260288,
    "p_m_mult_adult_l": 0.15447587623178782,
    "p_m_mult_diapause_l": -0.9872759438460283,
    "p_pf_max_l": 0.9124521928445883,
    "p_hill_l": 1.620061393888574
  },
  "converted_parameters": {
    "a1": 8.527044136493043,
    "a2": 31.59445286195523,
    "cc": 39.14944791121461,
    "pf_mm": 3.487807062320492,
    "pf_scalar": 0.01,
    "s_obs": 0.01,
    "dis": 0.01,
    "m_mult_egg": 0.010490825896292945,
    "m_mult_larva": 9.776833932403584,
    "m_mult_pupa": 0.010786975210260945,
    "m_mult_adult": 1.4271705528789136,
    "m_mult_diapause": 0.10297316373409589,
    "pf_max": 8.174330499251948,
    "hill": 41.69283182314702
  },
  "stats": {
    "n": 139,
    "k": 13,
    "logL": -667.1512123139061,
    "NLL": 667.1512123139061,
    "AIC": 1360.3024246278121,
    "BIC": 1398.4505857585111,
    "AICc": 1363.2144246278121,
    "R2_Linear": 0.4177618378158269,
    "RMSE_Linear": 10.091189300816502,
    "R2_Log10": 0.5720473930581871,
    "RMSE_Log10": 0.2915945295566796,
    "MAE": 7.327284495433339,
    "Bias": -0.051240377486376,
    "Pearson_r_Linear": 0.6524945636805524,
    "Pearson_r_Log10": 0.7723460934864501,
    "Spearman_r_Linear": 0.7647982167385312,
    "Spearman_r_Log10": 0.7647982167385312
  },
  "scipy_result_success": false,
  "scipy_result_message": "Maximum number of iterations has been exceeded.",
  "csv_path": "./output_paraest/saitama/Aedes_albopictus/MEA_s_obs/Ae_MEA_s_obs_est_week_saitama.csv",
  "param_csv_path": "./output_paraest/saitama/Aedes_albopictus/MEA_s_obs/Ae_MEA_s_obs_params_saitama.csv",
  "source_design": "unified PCMP estimation program (species/integrator/config selectable, DE optimizer)",
  "generated_at": "2026-06-10T21:57:03"
}