{
  "label": "MES",
  "full_name": "PCMP (egg diapause); Euler integration; threshold washout (original PCMP); s_obs estimated; mortality fixed (1.0); Differential Evolution",
  "species": "Aedes albopictus",
  "species_code": "Ae",
  "diapause": "egg",
  "integration": "Euler",
  "optimizer": "Differential Evolution",
  "config_key": "MS",
  "flags": {
    "washout_type": "threshold",
    "s_obs_estimated": true,
    "mortality_estimated": false
  },
  "day_length": 50,
  "delta_t": 0.02,
  "DE_MAXITER": 250,
  "DE_POPSIZE": 12,
  "DE_SEEDS": [
    123
  ],
  "n_objective_evaluations": 21084,
  "elapsed_sec": 179.4811089038849,
  "best_log_likelihood": -4322.3892737667475,
  "best_negative_log_likelihood": 4322.3892737667475,
  "k_estimated_parameters": 7,
  "active_parameters": [
    "p_b1",
    "p_b2",
    "p_ccl",
    "p_a1l",
    "p_a2l",
    "p_pf",
    "p_dis_l"
  ],
  "parameters": {
    "p_b1": 13.364867223726693,
    "p_b2": 13.36482187496972,
    "p_ccl": 0.9816014368169923,
    "p_a1l": 1.4999881733241585,
    "p_a2l": 1.4999946789503316,
    "p_pf": -0.949200606705263,
    "p_pf_scalar_l": -2.0,
    "p_dis_l": -1.7317848047174524,
    "p_m_mult_egg_l": 0.0,
    "p_m_mult_larva_l": 0.0,
    "p_m_mult_pupa_l": 0.0,
    "p_m_mult_adult_l": 0.0,
    "p_m_mult_diapause_l": 0.0,
    "p_pf_max_l": 0.0,
    "p_hill_l": 0.3010299956639812
  },
  "converted_parameters": {
    "a1": 31.621915464249536,
    "a2": 31.62238915643373,
    "cc": 9.585205688435122,
    "pf_mm": 0.11240856231317027,
    "pf_scalar": 0.01,
    "s_obs": 0.01854450286017728,
    "dis": 0.01854450286017728,
    "m_mult_egg": 1.0,
    "m_mult_larva": 1.0,
    "m_mult_pupa": 1.0,
    "m_mult_adult": 1.0,
    "m_mult_diapause": 1.0,
    "pf_max": 1.0,
    "hill": 2.0
  },
  "stats": {
    "n": 548,
    "k": 7,
    "logL": -4322.3892737667475,
    "NLL": 4322.3892737667475,
    "AIC": 8658.778547533495,
    "BIC": 8688.92247454213,
    "AICc": 8658.985954940903,
    "R2_Linear": 0.16657246330069153,
    "RMSE_Linear": 16.916867751274975,
    "R2_Log10": 0.2922135446691113,
    "RMSE_Log10": 0.5112064215633478,
    "MAE": 8.35237023091355,
    "Bias": 0.0011089864136732412,
    "Pearson_r_Linear": 0.4245854207506999,
    "Pearson_r_Log10": 0.6745676736191755,
    "Spearman_r_Linear": 0.7050996655656913,
    "Spearman_r_Log10": 0.7050996655656913
  },
  "scipy_result_success": false,
  "scipy_result_message": "Maximum number of iterations has been exceeded.",
  "csv_path": "./output_paraest/tokyo/Aedes_albopictus/MES/Ae_MES_est_week_tokyo.csv",
  "param_csv_path": "./output_paraest/tokyo/Aedes_albopictus/MES/Ae_MES_params_tokyo.csv",
  "source_design": "unified PCMP estimation program (species/integrator/config selectable, DE optimizer)",
  "generated_at": "2026-06-10T19:04:01"
}