{
  "label": "MRS",
  "full_name": "PCMP (egg diapause); RK4 integration; threshold washout (original PCMP); s_obs estimated; mortality fixed (1.0); Differential Evolution",
  "species": "Aedes albopictus",
  "species_code": "Ae",
  "diapause": "egg",
  "integration": "RK4",
  "optimizer": "Differential Evolution",
  "config_key": "MS",
  "flags": {
    "washout_type": "threshold",
    "s_obs_estimated": true,
    "mortality_estimated": false
  },
  "day_length": 50,
  "delta_t": 0.02,
  "DE_MAXITER": 250,
  "DE_POPSIZE": 12,
  "DE_SEEDS": [
    123
  ],
  "n_objective_evaluations": 16716,
  "elapsed_sec": 1684.0626249313354,
  "best_log_likelihood": -4310.159993047695,
  "best_negative_log_likelihood": 4310.159993047695,
  "k_estimated_parameters": 7,
  "active_parameters": [
    "p_b1",
    "p_b2",
    "p_ccl",
    "p_a1l",
    "p_a2l",
    "p_pf",
    "p_dis_l"
  ],
  "parameters": {
    "p_b1": 13.3608781682165,
    "p_b2": 13.360869668391693,
    "p_ccl": 1.9945361313257304,
    "p_a1l": 1.4999945362858726,
    "p_a2l": 1.4999938862412647,
    "p_pf": -0.9093558605490599,
    "p_pf_scalar_l": -2.0,
    "p_dis_l": -2.7510347267625863,
    "p_m_mult_egg_l": 0.0,
    "p_m_mult_larva_l": 0.0,
    "p_m_mult_pupa_l": 0.0,
    "p_m_mult_adult_l": 0.0,
    "p_m_mult_diapause_l": 0.0,
    "p_pf_max_l": 0.0,
    "p_hill_l": 0.3010299956639812
  },
  "converted_parameters": {
    "a1": 31.622378768573682,
    "a2": 31.622331436769386,
    "cc": 98.74977876542954,
    "pf_mm": 0.12320948419701784,
    "pf_scalar": 0.01,
    "s_obs": 0.0017740476200187156,
    "dis": 0.0017740476200187156,
    "m_mult_egg": 1.0,
    "m_mult_larva": 1.0,
    "m_mult_pupa": 1.0,
    "m_mult_adult": 1.0,
    "m_mult_diapause": 1.0,
    "pf_max": 1.0,
    "hill": 2.0
  },
  "stats": {
    "n": 548,
    "k": 7,
    "logL": -4310.159993047695,
    "NLL": 4310.159993047695,
    "AIC": 8634.31998609539,
    "BIC": 8664.463913104026,
    "AICc": 8634.527393502798,
    "R2_Linear": 0.16927137347634247,
    "RMSE_Linear": 16.889454372412942,
    "R2_Log10": 0.2917664080927789,
    "RMSE_Log10": 0.5113678706827901,
    "MAE": 8.337664187861918,
    "Bias": -0.0015639274722338398,
    "Pearson_r_Linear": 0.42651742629173517,
    "Pearson_r_Log10": 0.6747115423683553,
    "Spearman_r_Linear": 0.7060640890658083,
    "Spearman_r_Log10": 0.7060640890658083
  },
  "scipy_result_success": true,
  "scipy_result_message": "Optimization terminated successfully.",
  "csv_path": "./output_paraest/tokyo/Aedes_albopictus/MRS/Ae_MRS_est_week_tokyo.csv",
  "param_csv_path": "./output_paraest/tokyo/Aedes_albopictus/MRS/Ae_MRS_params_tokyo.csv",
  "source_design": "unified PCMP estimation program (species/integrator/config selectable, DE optimizer)",
  "generated_at": "2026-06-10T20:11:50"
}