{
  "label": "MRA-washout",
  "full_name": "PCMP (egg diapause); RK4 integration; threshold washout (original PCMP); s_obs estimated; mortality estimated; Differential Evolution",
  "species": "Aedes albopictus",
  "species_code": "Ae",
  "diapause": "egg",
  "integration": "RK4",
  "optimizer": "Differential Evolution",
  "config_key": "MA-washout",
  "flags": {
    "washout_type": "threshold",
    "s_obs_estimated": true,
    "mortality_estimated": true
  },
  "day_length": 50,
  "delta_t": 0.02,
  "DE_MAXITER": 250,
  "DE_POPSIZE": 12,
  "DE_SEEDS": [
    123
  ],
  "n_objective_evaluations": 36144,
  "elapsed_sec": 4028.8701300621033,
  "best_log_likelihood": -3795.327085989012,
  "best_negative_log_likelihood": 3795.327085989012,
  "k_estimated_parameters": 12,
  "active_parameters": [
    "p_b1",
    "p_b2",
    "p_ccl",
    "p_a1l",
    "p_a2l",
    "p_pf",
    "p_dis_l",
    "p_m_mult_egg_l",
    "p_m_mult_larva_l",
    "p_m_mult_pupa_l",
    "p_m_mult_adult_l",
    "p_m_mult_diapause_l"
  ],
  "parameters": {
    "p_b1": 14.498261437942901,
    "p_b2": 13.581934018666068,
    "p_ccl": 2.0335221503008944,
    "p_a1l": 1.4919472211279035,
    "p_a2l": 1.4914862406645053,
    "p_pf": -0.9712503269765957,
    "p_pf_scalar_l": -2.0,
    "p_dis_l": -2.7590395959290426,
    "p_m_mult_egg_l": -1.9737853310880666,
    "p_m_mult_larva_l": 0.99456679652504,
    "p_m_mult_pupa_l": -1.8871049713252108,
    "p_m_mult_adult_l": 0.10357934971981397,
    "p_m_mult_diapause_l": -1.3238840244447905,
    "p_pf_max_l": 0.0,
    "p_hill_l": 0.3010299956639812
  },
  "converted_parameters": {
    "a1": 31.04182320619403,
    "a2": 31.008891444796756,
    "cc": 108.02447151469451,
    "pf_mm": 0.10684388544384141,
    "pf_scalar": 0.01,
    "s_obs": 0.001741648074879767,
    "dis": 0.001741648074879767,
    "m_mult_egg": 0.010622204760655467,
    "m_mult_larva": 9.875675165752261,
    "m_mult_pupa": 0.012968657736267361,
    "m_mult_adult": 1.2693440444521928,
    "m_mult_diapause": 0.047436864545108856,
    "pf_max": 1.0,
    "hill": 2.0
  },
  "stats": {
    "n": 548,
    "k": 12,
    "logL": -3795.327085989012,
    "NLL": 3795.327085989012,
    "AIC": 7614.654171978024,
    "BIC": 7666.3294754214,
    "AICc": 7615.237349548118,
    "R2_Linear": 0.22088328102101207,
    "RMSE_Linear": 16.356383826901112,
    "R2_Log10": 0.4251172894414761,
    "RMSE_Log10": 0.4607175973464569,
    "MAE": 7.835904933851548,
    "Bias": 0.01460900956104183,
    "Pearson_r_Linear": 0.47583222016100923,
    "Pearson_r_Log10": 0.7450587906499304,
    "Spearman_r_Linear": 0.771390080766576,
    "Spearman_r_Log10": 0.771390080766576
  },
  "scipy_result_success": false,
  "scipy_result_message": "Maximum number of iterations has been exceeded.",
  "csv_path": "./output_paraest/tokyo/Aedes_albopictus/MRA_washout/Ae_MRA_washout_est_week_tokyo.csv",
  "param_csv_path": "./output_paraest/tokyo/Aedes_albopictus/MRA_washout/Ae_MRA_washout_params_tokyo.csv",
  "source_design": "unified PCMP estimation program (species/integrator/config selectable, DE optimizer)",
  "generated_at": "2026-06-10T23:08:41"
}