{
  "label": "MEW",
  "full_name": "PCMP (egg diapause); Euler integration; Hill saturating washout; s_obs fixed (0.01); mortality fixed (1.0); Differential Evolution",
  "species": "Aedes albopictus",
  "species_code": "Ae",
  "diapause": "egg",
  "integration": "Euler",
  "optimizer": "Differential Evolution",
  "config_key": "MW",
  "flags": {
    "washout_type": "hill",
    "s_obs_estimated": false,
    "mortality_estimated": false
  },
  "day_length": 50,
  "delta_t": 0.02,
  "DE_MAXITER": 250,
  "DE_POPSIZE": 12,
  "DE_SEEDS": [
    123
  ],
  "n_objective_evaluations": 17664,
  "elapsed_sec": 155.90797114372253,
  "best_log_likelihood": -4332.520125401283,
  "best_negative_log_likelihood": 4332.520125401283,
  "k_estimated_parameters": 8,
  "active_parameters": [
    "p_b1",
    "p_b2",
    "p_ccl",
    "p_a1l",
    "p_a2l",
    "p_pf",
    "p_pf_max_l",
    "p_hill_l"
  ],
  "parameters": {
    "p_b1": 13.36829166688311,
    "p_b2": 13.367987908264213,
    "p_ccl": 1.2481267531037155,
    "p_a1l": 1.4999911762898648,
    "p_a2l": 1.4999938386513372,
    "p_pf": -0.5269663054397034,
    "p_pf_scalar_l": -2.0,
    "p_dis_l": -2.0,
    "p_m_mult_egg_l": 0.0,
    "p_m_mult_larva_l": 0.0,
    "p_m_mult_pupa_l": 0.0,
    "p_m_mult_adult_l": 0.0,
    "p_m_mult_diapause_l": 0.0,
    "p_pf_max_l": 0.8361865713966821,
    "p_hill_l": 0.09780749896373608
  },
  "converted_parameters": {
    "a1": 31.62213411739842,
    "a2": 31.622327971598995,
    "cc": 17.70625657374728,
    "pf_mm": 0.2971896596179422,
    "pf_scalar": 0.01,
    "s_obs": 0.01,
    "dis": 0.01,
    "m_mult_egg": 1.0,
    "m_mult_larva": 1.0,
    "m_mult_pupa": 1.0,
    "m_mult_adult": 1.0,
    "m_mult_diapause": 1.0,
    "pf_max": 6.857827730706093,
    "hill": 1.252585843179461
  },
  "stats": {
    "n": 548,
    "k": 8,
    "logL": -4332.520125401283,
    "NLL": 4332.520125401283,
    "AIC": 8681.040250802565,
    "BIC": 8715.49045309815,
    "AICc": 8681.307412212584,
    "R2_Linear": 0.16474149778163583,
    "RMSE_Linear": 16.935439976786853,
    "R2_Log10": 0.2917980274081373,
    "RMSE_Log10": 0.5113564554642628,
    "MAE": 8.361367482833586,
    "Bias": 0.0028390774954159645,
    "Pearson_r_Linear": 0.42311516630451285,
    "Pearson_r_Log10": 0.6742233679222929,
    "Spearman_r_Linear": 0.7045979156362396,
    "Spearman_r_Log10": 0.7045979156362396
  },
  "scipy_result_success": true,
  "scipy_result_message": "Optimization terminated successfully.",
  "csv_path": "./output_paraest/tokyo/Aedes_albopictus/MEW/Ae_MEW_est_week_tokyo.csv",
  "param_csv_path": "./output_paraest/tokyo/Aedes_albopictus/MEW/Ae_MEW_params_tokyo.csv",
  "source_design": "unified PCMP estimation program (species/integrator/config selectable, DE optimizer)",
  "generated_at": "2026-06-10T19:01:02"
}