{
  "label": "MEA",
  "full_name": "PCMP (egg diapause); Euler integration; Hill saturating washout; s_obs estimated; mortality estimated; Differential Evolution",
  "species": "Aedes albopictus",
  "species_code": "Ae",
  "diapause": "egg",
  "integration": "Euler",
  "optimizer": "Differential Evolution",
  "config_key": "MA",
  "flags": {
    "washout_type": "hill",
    "s_obs_estimated": true,
    "mortality_estimated": true
  },
  "day_length": 50,
  "delta_t": 0.02,
  "DE_MAXITER": 250,
  "DE_POPSIZE": 12,
  "DE_SEEDS": [
    123
  ],
  "n_objective_evaluations": 42168,
  "elapsed_sec": 1252.2460238933563,
  "best_log_likelihood": -667.2054432457975,
  "best_negative_log_likelihood": 667.2054432457975,
  "k_estimated_parameters": 14,
  "active_parameters": [
    "p_b1",
    "p_b2",
    "p_ccl",
    "p_a1l",
    "p_a2l",
    "p_pf",
    "p_dis_l",
    "p_m_mult_egg_l",
    "p_m_mult_larva_l",
    "p_m_mult_pupa_l",
    "p_m_mult_adult_l",
    "p_m_mult_diapause_l",
    "p_pf_max_l",
    "p_hill_l"
  ],
  "parameters": {
    "p_b1": 13.79344640535146,
    "p_b2": 13.7934050146565,
    "p_ccl": 1.4946082840256738,
    "p_a1l": 0.9470085716068395,
    "p_a2l": 1.498037268371027,
    "p_pf": 0.4917660185734676,
    "p_pf_scalar_l": -2.0,
    "p_dis_l": -1.9065966915361294,
    "p_m_mult_egg_l": -1.995462363304564,
    "p_m_mult_larva_l": -0.7106772798676428,
    "p_m_mult_pupa_l": -1.945446402844279,
    "p_m_mult_adult_l": 0.1540522787850176,
    "p_m_mult_diapause_l": -0.9612291486007609,
    "p_pf_max_l": 0.10348206096044965,
    "p_hill_l": 1.6806604127063691
  },
  "converted_parameters": {
    "a1": 8.85133079400913,
    "a2": 31.480184452923872,
    "cc": 31.232610417672994,
    "pf_mm": 3.102887419437129,
    "pf_scalar": 0.01,
    "s_obs": 0.012399475318595504,
    "dis": 0.012399475318595504,
    "m_mult_egg": 0.010105030686413377,
    "m_mult_larva": 0.19468061975777584,
    "m_mult_pupa": 0.011338447595340721,
    "m_mult_adult": 1.425779213371625,
    "m_mult_diapause": 0.10933793097829836,
    "pf_max": 1.269059723372148,
    "hill": 47.93584779328649
  },
  "stats": {
    "n": 139,
    "k": 14,
    "logL": -667.2054432457975,
    "NLL": 667.2054432457975,
    "AIC": 1362.410886491595,
    "BIC": 1403.4935215554246,
    "AICc": 1365.7979832657886,
    "R2_Linear": 0.4170908696910377,
    "RMSE_Linear": 10.097002142749044,
    "R2_Log10": 0.5700591984708321,
    "RMSE_Log10": 0.29227109381243,
    "MAE": 7.342521208038147,
    "Bias": 0.03944711767433165,
    "Pearson_r_Linear": 0.6526680168770892,
    "Pearson_r_Log10": 0.7721025131199407,
    "Spearman_r_Linear": 0.7654700116655704,
    "Spearman_r_Log10": 0.7654700116655704
  },
  "scipy_result_success": false,
  "scipy_result_message": "Maximum number of iterations has been exceeded.",
  "csv_path": "./output_paraest/saitama/Aedes_albopictus/MEA/Ae_MEA_est_week_saitama.csv",
  "param_csv_path": "./output_paraest/saitama/Aedes_albopictus/MEA/Ae_MEA_params_saitama.csv",
  "source_design": "unified PCMP estimation program (species/integrator/config selectable, DE optimizer)",
  "generated_at": "2026-06-10T21:32:38"
}