{
  "label": "MRA-washout",
  "full_name": "PCMP (egg diapause); RK4 integration; threshold washout (original PCMP); s_obs estimated; mortality estimated; Differential Evolution",
  "species": "Aedes albopictus",
  "species_code": "Ae",
  "diapause": "egg",
  "integration": "RK4",
  "optimizer": "Differential Evolution",
  "config_key": "MA-washout",
  "flags": {
    "washout_type": "threshold",
    "s_obs_estimated": true,
    "mortality_estimated": true
  },
  "day_length": 50,
  "delta_t": 0.02,
  "DE_MAXITER": 250,
  "DE_POPSIZE": 12,
  "DE_SEEDS": [
    123
  ],
  "n_objective_evaluations": 36144,
  "elapsed_sec": 1556.3469619750977,
  "best_log_likelihood": -666.4884302899301,
  "best_negative_log_likelihood": 666.4884302899301,
  "k_estimated_parameters": 12,
  "active_parameters": [
    "p_b1",
    "p_b2",
    "p_ccl",
    "p_a1l",
    "p_a2l",
    "p_pf",
    "p_dis_l",
    "p_m_mult_egg_l",
    "p_m_mult_larva_l",
    "p_m_mult_pupa_l",
    "p_m_mult_adult_l",
    "p_m_mult_diapause_l"
  ],
  "parameters": {
    "p_b1": 13.922177722836123,
    "p_b2": 13.921112718314056,
    "p_ccl": 2.365339012225166,
    "p_a1l": 0.8255679588002474,
    "p_a2l": 1.4899623248764877,
    "p_pf": 0.5581302244793325,
    "p_pf_scalar_l": -2.0,
    "p_dis_l": -2.7732323609139167,
    "p_m_mult_egg_l": -1.9982613128273132,
    "p_m_mult_larva_l": -0.7083511879665289,
    "p_m_mult_pupa_l": -1.8485628057267158,
    "p_m_mult_adult_l": 0.13731110744633346,
    "p_m_mult_diapause_l": -1.0162130872207755,
    "p_pf_max_l": 0.0,
    "p_hill_l": 0.3010299956639812
  },
  "converted_parameters": {
    "a1": 6.692185317847449,
    "a2": 30.900273604632563,
    "cc": 231.9204324879566,
    "pf_mm": 3.6151824870035267,
    "pf_scalar": 0.01,
    "s_obs": 0.0016856509089653708,
    "dis": 0.0016856509089653708,
    "m_mult_egg": 0.010040114997771122,
    "m_mult_larva": 0.19572613132739647,
    "m_mult_pupa": 0.014172197446378482,
    "m_mult_adult": 1.3718641510181073,
    "m_mult_diapause": 0.09633562355047787,
    "pf_max": 1.0,
    "hill": 2.0
  },
  "stats": {
    "n": 139,
    "k": 12,
    "logL": -666.4884302899301,
    "NLL": 666.4884302899301,
    "AIC": 1356.9768605798602,
    "BIC": 1392.1905477774285,
    "AICc": 1359.4530510560505,
    "R2_Linear": 0.4257962412417028,
    "RMSE_Linear": 10.021322418565726,
    "R2_Log10": 0.5681670203720204,
    "RMSE_Log10": 0.29291353321693653,
    "MAE": 7.295502502683342,
    "Bias": -0.1383636438982647,
    "Pearson_r_Linear": 0.6569680374833646,
    "Pearson_r_Log10": 0.7691818101633568,
    "Spearman_r_Linear": 0.7616116694679419,
    "Spearman_r_Log10": 0.7616116694679419
  },
  "scipy_result_success": false,
  "scipy_result_message": "Maximum number of iterations has been exceeded.",
  "csv_path": "./output_paraest/saitama/Aedes_albopictus/MRA_washout/Ae_MRA_washout_est_week_saitama.csv",
  "param_csv_path": "./output_paraest/saitama/Aedes_albopictus/MRA_washout/Ae_MRA_washout_params_saitama.csv",
  "source_design": "unified PCMP estimation program (species/integrator/config selectable, DE optimizer)",
  "generated_at": "2026-06-11T01:50:40"
}