{
  "label": "MES",
  "full_name": "PCMP (egg diapause); Euler integration; threshold washout (original PCMP); s_obs estimated; mortality fixed (1.0); Differential Evolution",
  "species": "Aedes albopictus",
  "species_code": "Ae",
  "diapause": "egg",
  "integration": "Euler",
  "optimizer": "Differential Evolution",
  "config_key": "MS",
  "flags": {
    "washout_type": "threshold",
    "s_obs_estimated": true,
    "mortality_estimated": false
  },
  "day_length": 50,
  "delta_t": 0.02,
  "DE_MAXITER": 250,
  "DE_POPSIZE": 12,
  "DE_SEEDS": [
    123
  ],
  "n_objective_evaluations": 17052,
  "elapsed_sec": 170.9140248298645,
  "best_log_likelihood": -988.0557417496178,
  "best_negative_log_likelihood": 988.0557417496178,
  "k_estimated_parameters": 7,
  "active_parameters": [
    "p_b1",
    "p_b2",
    "p_ccl",
    "p_a1l",
    "p_a2l",
    "p_pf",
    "p_dis_l"
  ],
  "parameters": {
    "p_b1": 13.351984066257174,
    "p_b2": 13.340287346213149,
    "p_ccl": 0.6270641697222079,
    "p_a1l": 1.4999895218805457,
    "p_a2l": 1.4999964428092285,
    "p_pf": 1.5897676611868174,
    "p_pf_scalar_l": -2.0,
    "p_dis_l": -1.1845100024336583,
    "p_m_mult_egg_l": 0.0,
    "p_m_mult_larva_l": 0.0,
    "p_m_mult_pupa_l": 0.0,
    "p_m_mult_adult_l": 0.0,
    "p_m_mult_diapause_l": 0.0,
    "p_pf_max_l": 0.0,
    "p_hill_l": 0.3010299956639812
  },
  "converted_parameters": {
    "a1": 31.6220136556935,
    "a2": 31.62251758897904,
    "cc": 4.237055665684496,
    "pf_mm": 38.883706932938935,
    "pf_scalar": 0.01,
    "s_obs": 0.06538678703031267,
    "dis": 0.06538678703031267,
    "m_mult_egg": 1.0,
    "m_mult_larva": 1.0,
    "m_mult_pupa": 1.0,
    "m_mult_adult": 1.0,
    "m_mult_diapause": 1.0,
    "pf_max": 1.0,
    "hill": 2.0
  },
  "stats": {
    "n": 139,
    "k": 7,
    "logL": -988.0557417496178,
    "NLL": 988.0557417496178,
    "AIC": 1990.1114834992356,
    "BIC": 2010.6528010311504,
    "AICc": 1990.9664453312967,
    "R2_Linear": 0.18975484022197298,
    "RMSE_Linear": 11.904200750972963,
    "R2_Log10": 0.2017644219037129,
    "RMSE_Log10": 0.3982420129122644,
    "MAE": 8.955061753912757,
    "Bias": -0.00026933794598014613,
    "Pearson_r_Linear": 0.5074539726696204,
    "Pearson_r_Log10": 0.5857681274742068,
    "Spearman_r_Linear": 0.598148288504335,
    "Spearman_r_Log10": 0.598148288504335
  },
  "scipy_result_success": true,
  "scipy_result_message": "Optimization terminated successfully.",
  "csv_path": "./output_paraest/saitama/Aedes_albopictus/MES/Ae_MES_est_week_saitama.csv",
  "param_csv_path": "./output_paraest/saitama/Aedes_albopictus/MES/Ae_MES_params_saitama.csv",
  "source_design": "unified PCMP estimation program (species/integrator/config selectable, DE optimizer)",
  "generated_at": "2026-06-10T21:05:57"
}