{
  "label": "MRM",
  "full_name": "PCMP (egg diapause); RK4 integration; threshold washout (original PCMP); s_obs fixed (0.01); mortality estimated; Differential Evolution",
  "species": "Aedes albopictus",
  "species_code": "Ae",
  "diapause": "egg",
  "integration": "RK4",
  "optimizer": "Differential Evolution",
  "config_key": "MM",
  "flags": {
    "washout_type": "threshold",
    "s_obs_estimated": false,
    "mortality_estimated": true
  },
  "day_length": 50,
  "delta_t": 0.02,
  "DE_MAXITER": 250,
  "DE_POPSIZE": 12,
  "DE_SEEDS": [
    123
  ],
  "n_objective_evaluations": 33132,
  "elapsed_sec": 2303.469039916992,
  "best_log_likelihood": -3794.7331445065447,
  "best_negative_log_likelihood": 3794.7331445065447,
  "k_estimated_parameters": 11,
  "active_parameters": [
    "p_b1",
    "p_b2",
    "p_ccl",
    "p_a1l",
    "p_a2l",
    "p_pf",
    "p_m_mult_egg_l",
    "p_m_mult_larva_l",
    "p_m_mult_pupa_l",
    "p_m_mult_adult_l",
    "p_m_mult_diapause_l"
  ],
  "parameters": {
    "p_b1": 14.499798920692077,
    "p_b2": 13.581866889982111,
    "p_ccl": 1.2827023289148864,
    "p_a1l": 1.4997722700130358,
    "p_a2l": 1.4997945861225408,
    "p_pf": -0.929736498948396,
    "p_pf_scalar_l": -2.0,
    "p_dis_l": -2.0,
    "p_m_mult_egg_l": -1.999780435891168,
    "p_m_mult_larva_l": 0.9999985209548696,
    "p_m_mult_pupa_l": -1.989471888786413,
    "p_m_mult_adult_l": 0.10732750104396349,
    "p_m_mult_diapause_l": -1.3174857602079841,
    "p_pf_max_l": 0.0,
    "p_hill_l": 0.3010299956639812
  },
  "converted_parameters": {
    "a1": 31.60619898665924,
    "a2": 31.607823104737776,
    "cc": 19.173541107502924,
    "pf_mm": 0.11756106210536364,
    "pf_scalar": 0.01,
    "s_obs": 0.01,
    "dis": 0.01,
    "m_mult_egg": 0.010005056928634995,
    "m_mult_larva": 9.9999659437853,
    "m_mult_pupa": 0.010245380949386177,
    "m_mult_adult": 1.2803464482088165,
    "m_mult_diapause": 0.04814090383411453,
    "pf_max": 1.0,
    "hill": 2.0
  },
  "stats": {
    "n": 548,
    "k": 11,
    "logL": -3794.7331445065447,
    "NLL": 3794.7331445065447,
    "AIC": 7611.466289013089,
    "BIC": 7658.835317169518,
    "AICc": 7611.958826326522,
    "R2_Linear": 0.22040167385456289,
    "RMSE_Linear": 16.36143835500706,
    "R2_Log10": 0.4282799066251757,
    "RMSE_Log10": 0.4594485707662834,
    "MAE": 7.828033267825029,
    "Bias": 0.00022667097082762003,
    "Pearson_r_Linear": 0.4756359709708361,
    "Pearson_r_Log10": 0.7457071165069566,
    "Spearman_r_Linear": 0.7714164345899436,
    "Spearman_r_Log10": 0.7714164345899436
  },
  "scipy_result_success": false,
  "scipy_result_message": "Maximum number of iterations has been exceeded.",
  "csv_path": "./output_paraest/tokyo/Aedes_albopictus/MRM/Ae_MRM_est_week_tokyo.csv",
  "param_csv_path": "./output_paraest/tokyo/Aedes_albopictus/MRM/Ae_MRM_params_tokyo.csv",
  "source_design": "unified PCMP estimation program (species/integrator/config selectable, DE optimizer)",
  "generated_at": "2026-06-10T20:50:15"
}