{
  "label": "MRA-mortality",
  "full_name": "PCMP (egg diapause); RK4 integration; Hill saturating washout; s_obs estimated; mortality fixed (1.0); Differential Evolution",
  "species": "Aedes albopictus",
  "species_code": "Ae",
  "diapause": "egg",
  "integration": "RK4",
  "optimizer": "Differential Evolution",
  "config_key": "MA-mortality",
  "flags": {
    "washout_type": "hill",
    "s_obs_estimated": true,
    "mortality_estimated": false
  },
  "day_length": 50,
  "delta_t": 0.02,
  "DE_MAXITER": 250,
  "DE_POPSIZE": 12,
  "DE_SEEDS": [
    123
  ],
  "n_objective_evaluations": 27108,
  "elapsed_sec": 2425.0235521793365,
  "best_log_likelihood": -4320.19093042355,
  "best_negative_log_likelihood": 4320.19093042355,
  "k_estimated_parameters": 9,
  "active_parameters": [
    "p_b1",
    "p_b2",
    "p_ccl",
    "p_a1l",
    "p_a2l",
    "p_pf",
    "p_dis_l",
    "p_pf_max_l",
    "p_hill_l"
  ],
  "parameters": {
    "p_b1": 13.360594424412835,
    "p_b2": 13.360583215863779,
    "p_ccl": 0.06948505147267037,
    "p_a1l": 1.4999541924494855,
    "p_a2l": 1.499999129121108,
    "p_pf": -0.9039221606339694,
    "p_pf_scalar_l": -2.0,
    "p_dis_l": -0.8288721947665789,
    "p_m_mult_egg_l": 0.0,
    "p_m_mult_larva_l": 0.0,
    "p_m_mult_pupa_l": 0.0,
    "p_m_mult_adult_l": 0.0,
    "p_m_mult_diapause_l": 0.0,
    "p_pf_max_l": 0.541290217676059,
    "p_hill_l": 0.48595327516438447
  },
  "converted_parameters": {
    "a1": 31.619441340460057,
    "a2": 31.622713189455038,
    "cc": 1.1735052894434193,
    "pf_mm": 0.12476071050271102,
    "pf_scalar": 0.01,
    "s_obs": 0.1482954428364496,
    "dis": 0.1482954428364496,
    "m_mult_egg": 1.0,
    "m_mult_larva": 1.0,
    "m_mult_pupa": 1.0,
    "m_mult_adult": 1.0,
    "m_mult_diapause": 1.0,
    "pf_max": 3.47768480409035,
    "hill": 3.0616340211651902
  },
  "stats": {
    "n": 548,
    "k": 9,
    "logL": -4320.19093042355,
    "NLL": 4320.19093042355,
    "AIC": 8658.3818608471,
    "BIC": 8697.138338429631,
    "AICc": 8658.716433337806,
    "R2_Linear": 0.16734176267479084,
    "RMSE_Linear": 16.9090583498712,
    "R2_Log10": 0.29113152680336873,
    "RMSE_Log10": 0.5115970218916555,
    "MAE": 8.347823218620578,
    "Bias": -0.0007175626947642296,
    "Pearson_r_Linear": 0.42486928600438373,
    "Pearson_r_Log10": 0.6742829513472328,
    "Spearman_r_Linear": 0.7054846605505387,
    "Spearman_r_Log10": 0.7054846605505387
  },
  "scipy_result_success": false,
  "scipy_result_message": "Maximum number of iterations has been exceeded.",
  "csv_path": "./output_paraest/tokyo/Aedes_albopictus/MRA_mortality/Ae_MRA_mortality_est_week_tokyo.csv",
  "param_csv_path": "./output_paraest/tokyo/Aedes_albopictus/MRA_mortality/Ae_MRA_mortality_params_tokyo.csv",
  "source_design": "unified PCMP estimation program (species/integrator/config selectable, DE optimizer)",
  "generated_at": "2026-06-11T01:09:15"
}