{
  "label": "MEA-mortality",
  "full_name": "PCMP (egg diapause); Euler integration; Hill saturating washout; s_obs estimated; mortality fixed (1.0); Differential Evolution",
  "species": "Aedes albopictus",
  "species_code": "Ae",
  "diapause": "egg",
  "integration": "Euler",
  "optimizer": "Differential Evolution",
  "config_key": "MA-mortality",
  "flags": {
    "washout_type": "hill",
    "s_obs_estimated": true,
    "mortality_estimated": false
  },
  "day_length": 50,
  "delta_t": 0.02,
  "DE_MAXITER": 250,
  "DE_POPSIZE": 12,
  "DE_SEEDS": [
    123
  ],
  "n_objective_evaluations": 27108,
  "elapsed_sec": 265.92349004745483,
  "best_log_likelihood": -986.0444523913781,
  "best_negative_log_likelihood": 986.0444523913781,
  "k_estimated_parameters": 9,
  "active_parameters": [
    "p_b1",
    "p_b2",
    "p_ccl",
    "p_a1l",
    "p_a2l",
    "p_pf",
    "p_dis_l",
    "p_pf_max_l",
    "p_hill_l"
  ],
  "parameters": {
    "p_b1": 13.354940359894199,
    "p_b2": 13.34281132132841,
    "p_ccl": 2.434878813867411,
    "p_a1l": 1.4999979038652582,
    "p_a2l": 1.4999974731032029,
    "p_pf": 1.5999967083810436,
    "p_pf_scalar_l": -2.0,
    "p_dis_l": -2.991776992029024,
    "p_m_mult_egg_l": 0.0,
    "p_m_mult_larva_l": 0.0,
    "p_m_mult_pupa_l": 0.0,
    "p_m_mult_adult_l": 0.0,
    "p_m_mult_diapause_l": 0.0,
    "p_pf_max_l": -0.022313274436367436,
    "p_hill_l": 1.1105355757380269
  },
  "converted_parameters": {
    "a1": 31.62262397381615,
    "a2": 31.62259260841707,
    "cc": 272.19416677315826,
    "pf_mm": 39.810415321803035,
    "pf_scalar": 0.01,
    "s_obs": 0.0010191145637778645,
    "dis": 0.0010191145637778645,
    "m_mult_egg": 1.0,
    "m_mult_larva": 1.0,
    "m_mult_pupa": 1.0,
    "m_mult_adult": 1.0,
    "m_mult_diapause": 1.0,
    "pf_max": 0.9499193306549781,
    "hill": 12.898392122518043
  },
  "stats": {
    "n": 139,
    "k": 9,
    "logL": -986.0444523913781,
    "NLL": 986.0444523913781,
    "AIC": 1990.0889047827561,
    "BIC": 2016.4991701809324,
    "AICc": 1991.4842536199653,
    "R2_Linear": 0.19003064570674555,
    "RMSE_Linear": 11.902174498011778,
    "R2_Log10": 0.20282342878941673,
    "RMSE_Log10": 0.397977754454216,
    "MAE": 8.954618612496255,
    "Bias": 0.0038662114526623425,
    "Pearson_r_Linear": 0.5076312663651532,
    "Pearson_r_Log10": 0.5864193980789235,
    "Spearman_r_Linear": 0.5994560492956381,
    "Spearman_r_Log10": 0.5994560492956381
  },
  "scipy_result_success": false,
  "scipy_result_message": "Maximum number of iterations has been exceeded.",
  "csv_path": "./output_paraest/saitama/Aedes_albopictus/MEA_mortality/Ae_MEA_mortality_est_week_saitama.csv",
  "param_csv_path": "./output_paraest/saitama/Aedes_albopictus/MEA_mortality/Ae_MEA_mortality_params_saitama.csv",
  "source_design": "unified PCMP estimation program (species/integrator/config selectable, DE optimizer)",
  "generated_at": "2026-06-10T22:01:29"
}