{
  "label": "MEA",
  "full_name": "PCMP (egg diapause); Euler integration; Hill saturating washout; s_obs estimated; mortality estimated; Differential Evolution",
  "species": "Aedes albopictus",
  "species_code": "Ae",
  "diapause": "egg",
  "integration": "Euler",
  "optimizer": "Differential Evolution",
  "config_key": "MA",
  "flags": {
    "washout_type": "hill",
    "s_obs_estimated": true,
    "mortality_estimated": true
  },
  "day_length": 50,
  "delta_t": 0.02,
  "DE_MAXITER": 250,
  "DE_POPSIZE": 12,
  "DE_SEEDS": [
    123
  ],
  "n_objective_evaluations": 42168,
  "elapsed_sec": 1284.5078179836273,
  "best_log_likelihood": -3832.3079239165886,
  "best_negative_log_likelihood": 3832.3079239165886,
  "k_estimated_parameters": 14,
  "active_parameters": [
    "p_b1",
    "p_b2",
    "p_ccl",
    "p_a1l",
    "p_a2l",
    "p_pf",
    "p_dis_l",
    "p_m_mult_egg_l",
    "p_m_mult_larva_l",
    "p_m_mult_pupa_l",
    "p_m_mult_adult_l",
    "p_m_mult_diapause_l",
    "p_pf_max_l",
    "p_hill_l"
  ],
  "parameters": {
    "p_b1": 14.49957616818459,
    "p_b2": 13.581175390655378,
    "p_ccl": 0.6415600418950562,
    "p_a1l": 1.498610711529592,
    "p_a2l": 1.4971363372501896,
    "p_pf": -0.9522563600793525,
    "p_pf_scalar_l": -2.0,
    "p_dis_l": -1.3294933503636992,
    "p_m_mult_egg_l": -1.9825709417990265,
    "p_m_mult_larva_l": 0.9991078742727386,
    "p_m_mult_pupa_l": -1.969692440674606,
    "p_m_mult_adult_l": 0.12012573165691487,
    "p_m_mult_diapause_l": -1.2942539727917437,
    "p_pf_max_l": 0.874948290132421,
    "p_hill_l": 0.4511885265349157
  },
  "converted_parameters": {
    "a1": 31.521778395315415,
    "a2": 31.414947426321532,
    "cc": 4.380866731553292,
    "pf_mm": 0.11162041681155292,
    "pf_scalar": 0.01,
    "s_obs": 0.04682811213364579,
    "dis": 0.04682811213364579,
    "m_mult_egg": 0.010409480553602777,
    "m_mult_larva": 9.979479130147574,
    "m_mult_pupa": 0.010722784041637994,
    "m_mult_adult": 1.3186384394659776,
    "m_mult_diapause": 0.05078623608599107,
    "pf_max": 7.4980492746622,
    "hill": 2.826106516962443
  },
  "stats": {
    "n": 548,
    "k": 14,
    "logL": -3832.3079239165886,
    "NLL": 3832.3079239165886,
    "AIC": 7692.615847833177,
    "BIC": 7752.90370185045,
    "AICc": 7693.403840328487,
    "R2_Linear": 0.20999252535129376,
    "RMSE_Linear": 16.470304621194664,
    "R2_Log10": 0.4341572203506041,
    "RMSE_Log10": 0.4570808919035488,
    "MAE": 7.873740260442343,
    "Bias": -0.0021601211209258094,
    "Pearson_r_Linear": 0.46799307924396644,
    "Pearson_r_Log10": 0.7460254339977236,
    "Spearman_r_Linear": 0.7693688570961271,
    "Spearman_r_Log10": 0.7693688570961271
  },
  "scipy_result_success": false,
  "scipy_result_message": "Maximum number of iterations has been exceeded.",
  "csv_path": "./output_paraest/tokyo/Aedes_albopictus/MEA/Ae_MEA_est_week_tokyo.csv",
  "param_csv_path": "./output_paraest/tokyo/Aedes_albopictus/MEA/Ae_MEA_params_tokyo.csv",
  "source_design": "unified PCMP estimation program (species/integrator/config selectable, DE optimizer)",
  "generated_at": "2026-06-10T19:47:01"
}