{
  "label": "MRA",
  "full_name": "PCMP (egg diapause); RK4 integration; Hill saturating washout; s_obs estimated; mortality estimated; Differential Evolution",
  "species": "Aedes albopictus",
  "species_code": "Ae",
  "diapause": "egg",
  "integration": "RK4",
  "optimizer": "Differential Evolution",
  "config_key": "MA",
  "flags": {
    "washout_type": "hill",
    "s_obs_estimated": true,
    "mortality_estimated": true
  },
  "day_length": 50,
  "delta_t": 0.02,
  "DE_MAXITER": 250,
  "DE_POPSIZE": 12,
  "DE_SEEDS": [
    123
  ],
  "n_objective_evaluations": 42168,
  "elapsed_sec": 4275.969043016434,
  "best_log_likelihood": -3804.8351939277627,
  "best_negative_log_likelihood": 3804.8351939277627,
  "k_estimated_parameters": 14,
  "active_parameters": [
    "p_b1",
    "p_b2",
    "p_ccl",
    "p_a1l",
    "p_a2l",
    "p_pf",
    "p_dis_l",
    "p_m_mult_egg_l",
    "p_m_mult_larva_l",
    "p_m_mult_pupa_l",
    "p_m_mult_adult_l",
    "p_m_mult_diapause_l",
    "p_pf_max_l",
    "p_hill_l"
  ],
  "parameters": {
    "p_b1": 14.499926417414443,
    "p_b2": 13.579201798546197,
    "p_ccl": 1.9089983264869241,
    "p_a1l": 1.4935656185904223,
    "p_a2l": 1.49925929334605,
    "p_pf": -0.81517378114714,
    "p_pf_scalar_l": -2.0,
    "p_dis_l": -2.633614246691153,
    "p_m_mult_egg_l": -1.9904268574902892,
    "p_m_mult_larva_l": 0.9923893829402874,
    "p_m_mult_pupa_l": -1.9450882093250281,
    "p_m_mult_adult_l": 0.10834777890306124,
    "p_m_mult_diapause_l": -1.3258392627879338,
    "p_pf_max_l": 0.5201047164384129,
    "p_hill_l": 0.6162914522014635
  },
  "converted_parameters": {
    "a1": 31.157716297871247,
    "a2": 31.56888865521635,
    "cc": 81.09579328974435,
    "pf_mm": 0.1530474925904089,
    "pf_scalar": 0.01,
    "s_obs": 0.0023248008369757245,
    "dis": 0.0023248008369757245,
    "m_mult_egg": 0.010222877165822819,
    "m_mult_larva": 9.82628560526556,
    "m_mult_pupa": 0.011347803076292753,
    "m_mult_adult": 1.2833578720942806,
    "m_mult_diapause": 0.047223778937513776,
    "pf_max": 3.312109729516912,
    "hill": 4.133247885138137
  },
  "stats": {
    "n": 548,
    "k": 14,
    "logL": -3804.8351939277627,
    "NLL": 3804.8351939277627,
    "AIC": 7637.670387855525,
    "BIC": 7697.958241872798,
    "AICc": 7638.458380350835,
    "R2_Linear": 0.21840608197710754,
    "RMSE_Linear": 16.38236572522524,
    "R2_Log10": 0.42860945864729705,
    "RMSE_Log10": 0.4593161335536221,
    "MAE": 7.833889689946056,
    "Bias": -0.012446246129331482,
    "Pearson_r_Linear": 0.47364209473165386,
    "Pearson_r_Log10": 0.7457796636354732,
    "Spearman_r_Linear": 0.7718065264911544,
    "Spearman_r_Log10": 0.7718065264911544
  },
  "scipy_result_success": false,
  "scipy_result_message": "Maximum number of iterations has been exceeded.",
  "csv_path": "./output_paraest/tokyo/Aedes_albopictus/MRA/Ae_MRA_est_week_tokyo.csv",
  "param_csv_path": "./output_paraest/tokyo/Aedes_albopictus/MRA/Ae_MRA_params_tokyo.csv",
  "source_design": "unified PCMP estimation program (species/integrator/config selectable, DE optimizer)",
  "generated_at": "2026-06-10T22:01:32"
}