{
  "label": "MEW",
  "full_name": "PCMP (egg diapause); Euler integration; Hill saturating washout; s_obs fixed (0.01); mortality fixed (1.0); Differential Evolution",
  "species": "Aedes albopictus",
  "species_code": "Ae",
  "diapause": "egg",
  "integration": "Euler",
  "optimizer": "Differential Evolution",
  "config_key": "MW",
  "flags": {
    "washout_type": "hill",
    "s_obs_estimated": false,
    "mortality_estimated": false
  },
  "day_length": 50,
  "delta_t": 0.02,
  "DE_MAXITER": 250,
  "DE_POPSIZE": 12,
  "DE_SEEDS": [
    123
  ],
  "n_objective_evaluations": 17952,
  "elapsed_sec": 191.7712230682373,
  "best_log_likelihood": -986.0441730705132,
  "best_negative_log_likelihood": 986.0441730705132,
  "k_estimated_parameters": 8,
  "active_parameters": [
    "p_b1",
    "p_b2",
    "p_ccl",
    "p_a1l",
    "p_a2l",
    "p_pf",
    "p_pf_max_l",
    "p_hill_l"
  ],
  "parameters": {
    "p_b1": 13.35632708957557,
    "p_b2": 13.34362882729712,
    "p_ccl": 1.4434540227600898,
    "p_a1l": 1.4999916048716087,
    "p_a2l": 1.4999799239354976,
    "p_pf": 1.5999972666112028,
    "p_pf_scalar_l": -2.0,
    "p_dis_l": -2.0,
    "p_m_mult_egg_l": 0.0,
    "p_m_mult_larva_l": 0.0,
    "p_m_mult_pupa_l": 0.0,
    "p_m_mult_adult_l": 0.0,
    "p_m_mult_diapause_l": 0.0,
    "p_pf_max_l": -0.02228160857797079,
    "p_hill_l": 1.1109528744261645
  },
  "converted_parameters": {
    "a1": 31.622165323588316,
    "a2": 31.621314814220053,
    "cc": 27.76220921735116,
    "pf_mm": 39.810466493046725,
    "pf_scalar": 0.01,
    "s_obs": 0.01,
    "dis": 0.01,
    "m_mult_egg": 1.0,
    "m_mult_larva": 1.0,
    "m_mult_pupa": 1.0,
    "m_mult_adult": 1.0,
    "m_mult_diapause": 1.0,
    "pf_max": 0.9499885949650484,
    "hill": 12.910791701803458
  },
  "stats": {
    "n": 139,
    "k": 8,
    "logL": -986.0441730705132,
    "NLL": 986.0441730705132,
    "AIC": 1988.0883461410265,
    "BIC": 2011.564137606072,
    "AICc": 1989.1960384487188,
    "R2_Linear": 0.1904736227481003,
    "RMSE_Linear": 11.898919367993955,
    "R2_Log10": 0.20297830748446,
    "RMSE_Log10": 0.39793909221073287,
    "MAE": 8.951870035337738,
    "Bias": 1.1215142194487271e-05,
    "Pearson_r_Linear": 0.5079096916952949,
    "Pearson_r_Log10": 0.5865432762465888,
    "Spearman_r_Linear": 0.5992500321846793,
    "Spearman_r_Log10": 0.5992500321846793
  },
  "scipy_result_success": true,
  "scipy_result_message": "Optimization terminated successfully.",
  "csv_path": "./output_paraest/saitama/Aedes_albopictus/MEW/Ae_MEW_est_week_saitama.csv",
  "param_csv_path": "./output_paraest/saitama/Aedes_albopictus/MEW/Ae_MEW_params_saitama.csv",
  "source_design": "unified PCMP estimation program (species/integrator/config selectable, DE optimizer)",
  "generated_at": "2026-06-10T21:03:06"
}