{
  "label": "MRW",
  "full_name": "PCMP (egg diapause); RK4 integration; Hill saturating washout; s_obs fixed (0.01); mortality fixed (1.0); Differential Evolution",
  "species": "Aedes albopictus",
  "species_code": "Ae",
  "diapause": "egg",
  "integration": "RK4",
  "optimizer": "Differential Evolution",
  "config_key": "MW",
  "flags": {
    "washout_type": "hill",
    "s_obs_estimated": false,
    "mortality_estimated": false
  },
  "day_length": 50,
  "delta_t": 0.02,
  "DE_MAXITER": 250,
  "DE_POPSIZE": 12,
  "DE_SEEDS": [
    123
  ],
  "n_objective_evaluations": 17088,
  "elapsed_sec": 3417.0108213424683,
  "best_log_likelihood": -974.7136612958785,
  "best_negative_log_likelihood": 974.7136612958785,
  "k_estimated_parameters": 8,
  "active_parameters": [
    "p_b1",
    "p_b2",
    "p_ccl",
    "p_a1l",
    "p_a2l",
    "p_pf",
    "p_pf_max_l",
    "p_hill_l"
  ],
  "parameters": {
    "p_b1": 13.366746839466444,
    "p_b2": 13.352935750094485,
    "p_ccl": 1.4430628602278304,
    "p_a1l": 1.4999949960054932,
    "p_a2l": 1.499992367021248,
    "p_pf": 1.5999994775234345,
    "p_pf_scalar_l": -2.0,
    "p_dis_l": -2.0,
    "p_m_mult_egg_l": 0.0,
    "p_m_mult_larva_l": 0.0,
    "p_m_mult_pupa_l": 0.0,
    "p_m_mult_adult_l": 0.0,
    "p_m_mult_diapause_l": 0.0,
    "p_pf_max_l": -0.0222710728875547,
    "p_hill_l": 1.1085712607160532
  },
  "converted_parameters": {
    "a1": 31.622412242256335,
    "a2": 31.62222081783024,
    "cc": 27.73721546894284,
    "pf_mm": 39.81066916122472,
    "pf_scalar": 0.01,
    "s_obs": 0.01,
    "dis": 0.01,
    "m_mult_egg": 1.0,
    "m_mult_larva": 1.0,
    "m_mult_pupa": 1.0,
    "m_mult_adult": 1.0,
    "m_mult_diapause": 1.0,
    "pf_max": 0.950011641325425,
    "hill": 12.840184398934158
  },
  "stats": {
    "n": 139,
    "k": 8,
    "logL": -974.7136612958785,
    "NLL": 974.7136612958785,
    "AIC": 1965.427322591757,
    "BIC": 1988.9031140568027,
    "AICc": 1966.5350148994494,
    "R2_Linear": 0.19724276106933603,
    "RMSE_Linear": 11.84906644273771,
    "R2_Log10": 0.21162740012338155,
    "RMSE_Log10": 0.39577403161690766,
    "MAE": 8.910521620537407,
    "Bias": 0.0028935352043778276,
    "Pearson_r_Linear": 0.5113793889676292,
    "Pearson_r_Log10": 0.5896314125579296,
    "Spearman_r_Linear": 0.6025037589479727,
    "Spearman_r_Log10": 0.6025037589479727
  },
  "scipy_result_success": true,
  "scipy_result_message": "Optimization terminated successfully.",
  "csv_path": "./output_paraest/saitama/Aedes_albopictus/MRW/Ae_MRW_est_week_saitama.csv",
  "param_csv_path": "./output_paraest/saitama/Aedes_albopictus/MRW/Ae_MRW_params_saitama.csv",
  "source_design": "unified PCMP estimation program (species/integrator/config selectable, DE optimizer)",
  "generated_at": "2026-06-10T23:38:35"
}