{
  "label": "MEA-s_obs",
  "full_name": "PCMP (egg diapause); Euler integration; Hill saturating washout; s_obs fixed (0.01); mortality estimated; Differential Evolution",
  "species": "Aedes albopictus",
  "species_code": "Ae",
  "diapause": "egg",
  "integration": "Euler",
  "optimizer": "Differential Evolution",
  "config_key": "MA-s_obs",
  "flags": {
    "washout_type": "hill",
    "s_obs_estimated": false,
    "mortality_estimated": true
  },
  "day_length": 50,
  "delta_t": 0.02,
  "DE_MAXITER": 250,
  "DE_POPSIZE": 12,
  "DE_SEEDS": [
    123
  ],
  "n_objective_evaluations": 39156,
  "elapsed_sec": 676.5022840499878,
  "best_log_likelihood": -3832.0938958930815,
  "best_negative_log_likelihood": 3832.0938958930815,
  "k_estimated_parameters": 13,
  "active_parameters": [
    "p_b1",
    "p_b2",
    "p_ccl",
    "p_a1l",
    "p_a2l",
    "p_pf",
    "p_m_mult_egg_l",
    "p_m_mult_larva_l",
    "p_m_mult_pupa_l",
    "p_m_mult_adult_l",
    "p_m_mult_diapause_l",
    "p_pf_max_l",
    "p_hill_l"
  ],
  "parameters": {
    "p_b1": 14.499903431078694,
    "p_b2": 13.586820029847487,
    "p_ccl": 1.3123270468665662,
    "p_a1l": 1.4993374670671697,
    "p_a2l": 1.4997994017160723,
    "p_pf": -0.9673133196394879,
    "p_pf_scalar_l": -2.0,
    "p_dis_l": -2.0,
    "p_m_mult_egg_l": -1.9993330908732099,
    "p_m_mult_larva_l": 0.9997303207233694,
    "p_m_mult_pupa_l": -1.9993470503218016,
    "p_m_mult_adult_l": 0.1177965667819717,
    "p_m_mult_diapause_l": -1.2931532107962396,
    "p_pf_max_l": 0.3955670729997942,
    "p_hill_l": 1.1334815963038651
  },
  "converted_parameters": {
    "a1": 31.574571618558434,
    "a2": 31.608173584144517,
    "cc": 20.527073948913692,
    "pf_mm": 0.1078168602089466,
    "pf_scalar": 0.01,
    "s_obs": 0.01,
    "dis": 0.01,
    "m_mult_egg": 0.010015367946742213,
    "m_mult_larva": 9.993792332731806,
    "m_mult_pupa": 0.010015046029764444,
    "m_mult_adult": 1.3115853792692878,
    "m_mult_diapause": 0.05091512205468916,
    "pf_max": 2.4863775339295207,
    "hill": 13.598205382045808
  },
  "stats": {
    "n": 548,
    "k": 13,
    "logL": -3832.0938958930815,
    "NLL": 3832.0938958930815,
    "AIC": 7690.187791786163,
    "BIC": 7746.169370516487,
    "AICc": 7690.869439726238,
    "R2_Linear": 0.21053381748039068,
    "RMSE_Linear": 16.464661146805323,
    "R2_Log10": 0.4330318444531005,
    "RMSE_Log10": 0.45753519858689823,
    "MAE": 7.873730300873539,
    "Bias": 0.0006123328019616582,
    "Pearson_r_Linear": 0.4684991370903052,
    "Pearson_r_Log10": 0.7455093268967292,
    "Spearman_r_Linear": 0.7689192221487171,
    "Spearman_r_Log10": 0.7689192221487171
  },
  "scipy_result_success": false,
  "scipy_result_message": "Maximum number of iterations has been exceeded.",
  "csv_path": "./output_paraest/tokyo/Aedes_albopictus/MEA_s_obs/Ae_MEA_s_obs_est_week_tokyo.csv",
  "param_csv_path": "./output_paraest/tokyo/Aedes_albopictus/MEA_s_obs/Ae_MEA_s_obs_params_tokyo.csv",
  "source_design": "unified PCMP estimation program (species/integrator/config selectable, DE optimizer)",
  "generated_at": "2026-06-10T20:18:55"
}