{
  "label": "MRS",
  "full_name": "PCMP (egg diapause); RK4 integration; threshold washout (original PCMP); s_obs estimated; mortality fixed (1.0); Differential Evolution",
  "species": "Aedes albopictus",
  "species_code": "Ae",
  "diapause": "egg",
  "integration": "RK4",
  "optimizer": "Differential Evolution",
  "config_key": "MS",
  "flags": {
    "washout_type": "threshold",
    "s_obs_estimated": true,
    "mortality_estimated": false
  },
  "day_length": 50,
  "delta_t": 0.02,
  "DE_MAXITER": 250,
  "DE_POPSIZE": 12,
  "DE_SEEDS": [
    123
  ],
  "n_objective_evaluations": 16716,
  "elapsed_sec": 1769.6911907196045,
  "best_log_likelihood": -976.6396506501474,
  "best_negative_log_likelihood": 976.6396506501474,
  "k_estimated_parameters": 7,
  "active_parameters": [
    "p_b1",
    "p_b2",
    "p_ccl",
    "p_a1l",
    "p_a2l",
    "p_pf",
    "p_dis_l"
  ],
  "parameters": {
    "p_b1": 13.363332812743993,
    "p_b2": 13.349648550327204,
    "p_ccl": 0.015823549322227404,
    "p_a1l": 1.4999961579241274,
    "p_a2l": 1.4999985520078902,
    "p_pf": 1.585575486377505,
    "p_pf_scalar_l": -2.0,
    "p_dis_l": -0.5735993757539997,
    "p_m_mult_egg_l": 0.0,
    "p_m_mult_larva_l": 0.0,
    "p_m_mult_pupa_l": 0.0,
    "p_m_mult_adult_l": 0.0,
    "p_m_mult_diapause_l": 0.0,
    "p_pf_max_l": 0.0,
    "p_hill_l": 0.3010299956639812
  },
  "converted_parameters": {
    "a1": 31.622496845493824,
    "a2": 31.622671167568043,
    "cc": 1.0371069612190855,
    "pf_mm": 38.51017448623266,
    "pf_scalar": 0.01,
    "s_obs": 0.26693199004473284,
    "dis": 0.26693199004473284,
    "m_mult_egg": 1.0,
    "m_mult_larva": 1.0,
    "m_mult_pupa": 1.0,
    "m_mult_adult": 1.0,
    "m_mult_diapause": 1.0,
    "pf_max": 1.0,
    "hill": 2.0
  },
  "stats": {
    "n": 139,
    "k": 7,
    "logL": -976.6396506501474,
    "NLL": 976.6396506501474,
    "AIC": 1967.2793013002947,
    "BIC": 1987.8206188322097,
    "AICc": 1968.1342631323557,
    "R2_Linear": 0.19668347900789673,
    "RMSE_Linear": 11.8531933544191,
    "R2_Log10": 0.21048200927100458,
    "RMSE_Log10": 0.39606142835319397,
    "MAE": 8.913211769029914,
    "Bias": 0.0008957244447705791,
    "Pearson_r_Linear": 0.511003634596709,
    "Pearson_r_Log10": 0.588890796938943,
    "Spearman_r_Linear": 0.6015811605815056,
    "Spearman_r_Log10": 0.6015811605815056
  },
  "scipy_result_success": true,
  "scipy_result_message": "Optimization terminated successfully.",
  "csv_path": "./output_paraest/saitama/Aedes_albopictus/MRS/Ae_MRS_est_week_saitama.csv",
  "param_csv_path": "./output_paraest/saitama/Aedes_albopictus/MRS/Ae_MRS_params_saitama.csv",
  "source_design": "unified PCMP estimation program (species/integrator/config selectable, DE optimizer)",
  "generated_at": "2026-06-11T00:08:08"
}