{
  "label": "MEA-mortality",
  "full_name": "PCMP (egg diapause); Euler integration; Hill saturating washout; s_obs estimated; mortality fixed (1.0); Differential Evolution",
  "species": "Aedes albopictus",
  "species_code": "Ae",
  "diapause": "egg",
  "integration": "Euler",
  "optimizer": "Differential Evolution",
  "config_key": "MA-mortality",
  "flags": {
    "washout_type": "hill",
    "s_obs_estimated": true,
    "mortality_estimated": false
  },
  "day_length": 50,
  "delta_t": 0.02,
  "DE_MAXITER": 250,
  "DE_POPSIZE": 12,
  "DE_SEEDS": [
    123
  ],
  "n_objective_evaluations": 27108,
  "elapsed_sec": 746.0493040084839,
  "best_log_likelihood": -4332.523835908936,
  "best_negative_log_likelihood": 4332.523835908936,
  "k_estimated_parameters": 9,
  "active_parameters": [
    "p_b1",
    "p_b2",
    "p_ccl",
    "p_a1l",
    "p_a2l",
    "p_pf",
    "p_dis_l",
    "p_pf_max_l",
    "p_hill_l"
  ],
  "parameters": {
    "p_b1": 13.369105028177296,
    "p_b2": 13.367781213301837,
    "p_ccl": 1.525502416984136,
    "p_a1l": 1.499948847755625,
    "p_a2l": 1.4999950071503578,
    "p_pf": -0.8701579555385635,
    "p_pf_scalar_l": -2.0,
    "p_dis_l": -2.277535887163366,
    "p_m_mult_egg_l": 0.0,
    "p_m_mult_larva_l": 0.0,
    "p_m_mult_pupa_l": 0.0,
    "p_m_mult_adult_l": 0.0,
    "p_m_mult_diapause_l": 0.0,
    "p_pf_max_l": 0.930628993708094,
    "p_hill_l": 1.6688513959968718
  },
  "converted_parameters": {
    "a1": 31.61905221464529,
    "a2": 31.62241305375066,
    "cc": 33.53531707902727,
    "pf_mm": 0.13484723458161468,
    "pf_scalar": 0.01,
    "s_obs": 0.005277935916811371,
    "dis": 0.005277935916811371,
    "m_mult_egg": 1.0,
    "m_mult_larva": 1.0,
    "m_mult_pupa": 1.0,
    "m_mult_adult": 1.0,
    "m_mult_diapause": 1.0,
    "pf_max": 8.523716443490724,
    "hill": 46.649972922078206
  },
  "stats": {
    "n": 548,
    "k": 9,
    "logL": -4332.523835908936,
    "NLL": 4332.523835908936,
    "AIC": 8683.047671817872,
    "BIC": 8721.804149400405,
    "AICc": 8683.38224430858,
    "R2_Linear": 0.1648120075427344,
    "RMSE_Linear": 16.934725144776436,
    "R2_Log10": 0.2920136772690931,
    "RMSE_Log10": 0.5112785946641222,
    "MAE": 8.359581580123123,
    "Bias": -0.0011995552905863403,
    "Pearson_r_Linear": 0.4231251872692681,
    "Pearson_r_Log10": 0.6742356643113362,
    "Spearman_r_Linear": 0.7045850350569026,
    "Spearman_r_Log10": 0.7045850350569026
  },
  "scipy_result_success": false,
  "scipy_result_message": "Maximum number of iterations has been exceeded.",
  "csv_path": "./output_paraest/tokyo/Aedes_albopictus/MEA_mortality/Ae_MEA_mortality_est_week_tokyo.csv",
  "param_csv_path": "./output_paraest/tokyo/Aedes_albopictus/MEA_mortality/Ae_MEA_mortality_params_tokyo.csv",
  "source_design": "unified PCMP estimation program (species/integrator/config selectable, DE optimizer)",
  "generated_at": "2026-06-10T20:31:21"
}