{
  "label": "MRA-s_obs",
  "full_name": "PCMP (egg diapause); RK4 integration; Hill saturating washout; s_obs fixed (0.01); mortality estimated; Differential Evolution",
  "species": "Aedes albopictus",
  "species_code": "Ae",
  "diapause": "egg",
  "integration": "RK4",
  "optimizer": "Differential Evolution",
  "config_key": "MA-s_obs",
  "flags": {
    "washout_type": "hill",
    "s_obs_estimated": false,
    "mortality_estimated": true
  },
  "day_length": 50,
  "delta_t": 0.02,
  "DE_MAXITER": 250,
  "DE_POPSIZE": 12,
  "DE_SEEDS": [
    123
  ],
  "n_objective_evaluations": 39156,
  "elapsed_sec": 1824.7328090667725,
  "best_log_likelihood": -667.2067705341886,
  "best_negative_log_likelihood": 667.2067705341886,
  "k_estimated_parameters": 13,
  "active_parameters": [
    "p_b1",
    "p_b2",
    "p_ccl",
    "p_a1l",
    "p_a2l",
    "p_pf",
    "p_m_mult_egg_l",
    "p_m_mult_larva_l",
    "p_m_mult_pupa_l",
    "p_m_mult_adult_l",
    "p_m_mult_diapause_l",
    "p_pf_max_l",
    "p_hill_l"
  ],
  "parameters": {
    "p_b1": 13.796924970354695,
    "p_b2": 13.7963391769183,
    "p_ccl": 1.5828298409814598,
    "p_a1l": 0.9542377014477323,
    "p_a2l": 1.498943114482037,
    "p_pf": 0.4928247542495255,
    "p_pf_scalar_l": -2.0,
    "p_dis_l": -2.0,
    "p_m_mult_egg_l": -1.99773012353372,
    "p_m_mult_larva_l": -1.188537898429411,
    "p_m_mult_pupa_l": -1.993540145000651,
    "p_m_mult_adult_l": 0.15215695861076872,
    "p_m_mult_diapause_l": -0.9637399937687738,
    "p_pf_max_l": 0.76067138370294,
    "p_hill_l": 1.6898441282097383
  },
  "converted_parameters": {
    "a1": 8.999900363263617,
    "a2": 31.54591396115073,
    "cc": 38.267477981128685,
    "pf_mm": 3.1104609560685317,
    "pf_scalar": 0.01,
    "s_obs": 0.01,
    "dis": 0.01,
    "m_mult_egg": 0.010052402661298997,
    "m_mult_larva": 0.06478315601964796,
    "m_mult_pupa": 0.01014985539733619,
    "m_mult_adult": 1.4195704767470536,
    "m_mult_diapause": 0.10870762466810555,
    "pf_max": 5.76330208320956,
    "hill": 48.960306534388174
  },
  "stats": {
    "n": 139,
    "k": 13,
    "logL": -667.2067705341886,
    "NLL": 667.2067705341886,
    "AIC": 1360.4135410683773,
    "BIC": 1398.5617021990763,
    "AICc": 1363.3255410683773,
    "R2_Linear": 0.41803440011214843,
    "RMSE_Linear": 10.08882703750507,
    "R2_Log10": 0.5709382493952582,
    "RMSE_Log10": 0.2919721542455583,
    "MAE": 7.332866992787477,
    "Bias": -0.016202222416256892,
    "Pearson_r_Linear": 0.6527716257496551,
    "Pearson_r_Log10": 0.7721813878209899,
    "Spearman_r_Linear": 0.7650982851392754,
    "Spearman_r_Log10": 0.7650982851392754
  },
  "scipy_result_success": false,
  "scipy_result_message": "Maximum number of iterations has been exceeded.",
  "csv_path": "./output_paraest/saitama/Aedes_albopictus/MRA_s_obs/Ae_MRA_s_obs_est_week_saitama.csv",
  "param_csv_path": "./output_paraest/saitama/Aedes_albopictus/MRA_s_obs/Ae_MRA_s_obs_params_saitama.csv",
  "source_design": "unified PCMP estimation program (species/integrator/config selectable, DE optimizer)",
  "generated_at": "2026-06-11T02:21:05"
}