{
  "label": "MEM",
  "full_name": "PCMP (egg diapause); Euler integration; threshold washout (original PCMP); s_obs fixed (0.01); mortality estimated; Differential Evolution",
  "species": "Aedes albopictus",
  "species_code": "Ae",
  "diapause": "egg",
  "integration": "Euler",
  "optimizer": "Differential Evolution",
  "config_key": "MM",
  "flags": {
    "washout_type": "threshold",
    "s_obs_estimated": false,
    "mortality_estimated": true
  },
  "day_length": 50,
  "delta_t": 0.02,
  "DE_MAXITER": 250,
  "DE_POPSIZE": 12,
  "DE_SEEDS": [
    123
  ],
  "n_objective_evaluations": 33132,
  "elapsed_sec": 1293.162292957306,
  "best_log_likelihood": -3821.828279453144,
  "best_negative_log_likelihood": 3821.828279453144,
  "k_estimated_parameters": 11,
  "active_parameters": [
    "p_b1",
    "p_b2",
    "p_ccl",
    "p_a1l",
    "p_a2l",
    "p_pf",
    "p_m_mult_egg_l",
    "p_m_mult_larva_l",
    "p_m_mult_pupa_l",
    "p_m_mult_adult_l",
    "p_m_mult_diapause_l"
  ],
  "parameters": {
    "p_b1": 14.499989969587231,
    "p_b2": 13.586241567471328,
    "p_ccl": 1.3166330957640393,
    "p_a1l": 1.4999549528641511,
    "p_a2l": 1.4999998032045538,
    "p_pf": -0.9456263809245518,
    "p_pf_scalar_l": -2.0,
    "p_dis_l": -2.0,
    "p_m_mult_egg_l": -1.9998952761574524,
    "p_m_mult_larva_l": 0.9999164221278107,
    "p_m_mult_pupa_l": -1.9985795621580322,
    "p_m_mult_adult_l": 0.11865831043026309,
    "p_m_mult_diapause_l": -1.2911058926029504,
    "p_pf_max_l": 0.0,
    "p_hill_l": 0.3010299956639812
  },
  "converted_parameters": {
    "a1": 31.619496703604113,
    "a2": 31.62276227219705,
    "cc": 20.73161312212864,
    "pf_mm": 0.11333749747837447,
    "pf_scalar": 0.01,
    "s_obs": 0.01,
    "dis": 0.01,
    "m_mult_egg": 0.010002411646342468,
    "m_mult_larva": 9.998075733537753,
    "m_mult_pupa": 0.010032760335070343,
    "m_mult_adult": 1.3141904606181654,
    "m_mult_diapause": 0.05115570890409366,
    "pf_max": 1.0,
    "hill": 2.0
  },
  "stats": {
    "n": 548,
    "k": 11,
    "logL": -3821.828279453144,
    "NLL": 3821.828279453144,
    "AIC": 7665.656558906288,
    "BIC": 7713.025587062717,
    "AICc": 7666.149096219721,
    "R2_Linear": 0.21235907364835271,
    "RMSE_Linear": 16.445616876530785,
    "R2_Log10": 0.4344074557888917,
    "RMSE_Log10": 0.4569798121604665,
    "MAE": 7.860457276841097,
    "Bias": -0.004022497136344369,
    "Pearson_r_Linear": 0.47006562804557395,
    "Pearson_r_Log10": 0.746101551527179,
    "Spearman_r_Linear": 0.7693021230516477,
    "Spearman_r_Log10": 0.7693021230516477
  },
  "scipy_result_success": false,
  "scipy_result_message": "Maximum number of iterations has been exceeded.",
  "csv_path": "./output_paraest/tokyo/Aedes_albopictus/MEM/Ae_MEM_est_week_tokyo.csv",
  "param_csv_path": "./output_paraest/tokyo/Aedes_albopictus/MEM/Ae_MEM_params_tokyo.csv",
  "source_design": "unified PCMP estimation program (species/integrator/config selectable, DE optimizer)",
  "generated_at": "2026-06-10T19:25:36"
}