{
  "label": "MRA-mortality",
  "full_name": "PCMP (egg diapause); RK4 integration; Hill saturating washout; s_obs estimated; mortality fixed (1.0); Differential Evolution",
  "species": "Aedes albopictus",
  "species_code": "Ae",
  "diapause": "egg",
  "integration": "RK4",
  "optimizer": "Differential Evolution",
  "config_key": "MA-mortality",
  "flags": {
    "washout_type": "hill",
    "s_obs_estimated": true,
    "mortality_estimated": false
  },
  "day_length": 50,
  "delta_t": 0.02,
  "DE_MAXITER": 250,
  "DE_POPSIZE": 12,
  "DE_SEEDS": [
    123
  ],
  "n_objective_evaluations": 27108,
  "elapsed_sec": 1408.8790562152863,
  "best_log_likelihood": -974.7278229658211,
  "best_negative_log_likelihood": 974.7278229658211,
  "k_estimated_parameters": 9,
  "active_parameters": [
    "p_b1",
    "p_b2",
    "p_ccl",
    "p_a1l",
    "p_a2l",
    "p_pf",
    "p_dis_l",
    "p_pf_max_l",
    "p_hill_l"
  ],
  "parameters": {
    "p_b1": 13.365614565283725,
    "p_b2": 13.353058259957205,
    "p_ccl": 2.1442885959635327,
    "p_a1l": 1.4998248964712166,
    "p_a2l": 1.499957114205941,
    "p_pf": 1.5999156524991482,
    "p_pf_scalar_l": -2.0,
    "p_dis_l": -2.7015342223812064,
    "p_m_mult_egg_l": 0.0,
    "p_m_mult_larva_l": 0.0,
    "p_m_mult_pupa_l": 0.0,
    "p_m_mult_adult_l": 0.0,
    "p_m_mult_diapause_l": 0.0,
    "p_pf_max_l": -0.02397486807789395,
    "p_hill_l": 1.10353853816926
  },
  "converted_parameters": {
    "a1": 31.61002915987288,
    "a2": 31.6196540639034,
    "cc": 139.40828866600822,
    "pf_mm": 39.80298587623677,
    "pf_scalar": 0.01,
    "s_obs": 0.0019882261321142254,
    "dis": 0.0019882261321142254,
    "m_mult_egg": 1.0,
    "m_mult_larva": 1.0,
    "m_mult_pupa": 1.0,
    "m_mult_adult": 1.0,
    "m_mult_diapause": 1.0,
    "pf_max": 0.9462919201705088,
    "hill": 12.69224767171878
  },
  "stats": {
    "n": 139,
    "k": 9,
    "logL": -974.7278229658211,
    "NLL": 974.7278229658211,
    "AIC": 1967.4556459316423,
    "BIC": 1993.8659113298186,
    "AICc": 1968.8509947688515,
    "R2_Linear": 0.19721704762631687,
    "RMSE_Linear": 11.8492562123469,
    "R2_Log10": 0.2117070743209296,
    "RMSE_Log10": 0.3957540323328648,
    "MAE": 8.909742210274919,
    "Bias": -0.0027012460244127756,
    "Pearson_r_Linear": 0.5112542442930103,
    "Pearson_r_Log10": 0.5896007981999163,
    "Spearman_r_Linear": 0.6025037589479727,
    "Spearman_r_Log10": 0.6025037589479727
  },
  "scipy_result_success": false,
  "scipy_result_message": "Maximum number of iterations has been exceeded.",
  "csv_path": "./output_paraest/saitama/Aedes_albopictus/MRA_mortality/Ae_MRA_mortality_est_week_saitama.csv",
  "param_csv_path": "./output_paraest/saitama/Aedes_albopictus/MRA_mortality/Ae_MRA_mortality_params_saitama.csv",
  "source_design": "unified PCMP estimation program (species/integrator/config selectable, DE optimizer)",
  "generated_at": "2026-06-11T02:44:35"
}