{
  "label": "MRA-s_obs",
  "full_name": "PCMP (egg diapause); RK4 integration; Hill saturating washout; s_obs fixed (0.01); mortality estimated; Differential Evolution",
  "species": "Aedes albopictus",
  "species_code": "Ae",
  "diapause": "egg",
  "integration": "RK4",
  "optimizer": "Differential Evolution",
  "config_key": "MA-s_obs",
  "flags": {
    "washout_type": "hill",
    "s_obs_estimated": false,
    "mortality_estimated": true
  },
  "day_length": 50,
  "delta_t": 0.02,
  "DE_MAXITER": 250,
  "DE_POPSIZE": 12,
  "DE_SEEDS": [
    123
  ],
  "n_objective_evaluations": 39156,
  "elapsed_sec": 4806.144584178925,
  "best_log_likelihood": -3804.5540750630757,
  "best_negative_log_likelihood": 3804.5540750630757,
  "k_estimated_parameters": 13,
  "active_parameters": [
    "p_b1",
    "p_b2",
    "p_ccl",
    "p_a1l",
    "p_a2l",
    "p_pf",
    "p_m_mult_egg_l",
    "p_m_mult_larva_l",
    "p_m_mult_pupa_l",
    "p_m_mult_adult_l",
    "p_m_mult_diapause_l",
    "p_pf_max_l",
    "p_hill_l"
  ],
  "parameters": {
    "p_b1": 14.4998410787758,
    "p_b2": 13.580537267586294,
    "p_ccl": 1.2770047471216726,
    "p_a1l": 1.4998791560975833,
    "p_a2l": 1.4998957016672914,
    "p_pf": -0.8660458099189063,
    "p_pf_scalar_l": -2.0,
    "p_dis_l": -2.0,
    "p_m_mult_egg_l": -1.999365834093234,
    "p_m_mult_larva_l": 0.9994712012634577,
    "p_m_mult_pupa_l": -1.999905291991293,
    "p_m_mult_adult_l": 0.10651321286009752,
    "p_m_mult_diapause_l": -1.3211427891497087,
    "p_pf_max_l": 0.7984113991280879,
    "p_hill_l": 0.013084915807854869
  },
  "converted_parameters": {
    "a1": 31.613978681662086,
    "a2": 31.615183120755436,
    "cc": 18.923643033068224,
    "pf_mm": 0.13613010831712224,
    "pf_scalar": 0.01,
    "s_obs": 0.01,
    "dis": 0.01,
    "m_mult_egg": 0.010014612876051496,
    "m_mult_larva": 9.987831368911309,
    "m_mult_pupa": 0.010002180970287355,
    "m_mult_adult": 1.2779480889284702,
    "m_mult_diapause": 0.047737229540036244,
    "pf_max": 6.286535887579415,
    "hill": 1.0305876072849822
  },
  "stats": {
    "n": 548,
    "k": 13,
    "logL": -3804.5540750630757,
    "NLL": 3804.5540750630757,
    "AIC": 7635.1081501261515,
    "BIC": 7691.089728856476,
    "AICc": 7635.7897980662265,
    "R2_Linear": 0.2186501430784259,
    "RMSE_Linear": 16.379807740634053,
    "R2_Log10": 0.4266522010761057,
    "RMSE_Log10": 0.460102138366107,
    "MAE": 7.840693538002912,
    "Bias": 0.008425885664986256,
    "Pearson_r_Linear": 0.4740605623742315,
    "Pearson_r_Log10": 0.7451829833835975,
    "Spearman_r_Linear": 0.7711348793495882,
    "Spearman_r_Log10": 0.7711348793495882
  },
  "scipy_result_success": false,
  "scipy_result_message": "Maximum number of iterations has been exceeded.",
  "csv_path": "./output_paraest/tokyo/Aedes_albopictus/MRA_s_obs/Ae_MRA_s_obs_est_week_tokyo.csv",
  "param_csv_path": "./output_paraest/tokyo/Aedes_albopictus/MRA_s_obs/Ae_MRA_s_obs_params_tokyo.csv",
  "source_design": "unified PCMP estimation program (species/integrator/config selectable, DE optimizer)",
  "generated_at": "2026-06-11T00:28:49"
}