{
  "seed": 42,
  "nll": 5169.801343697556,
  "x": [
    12.027983917622125,
    11.981400057162633,
    2.2867191396092053,
    2.2790577062238007,
    3.8366461201498816,
    24.662578744716058,
    -3.309940526799873,
    4.9958322626455685,
    4.514370240118216,
    0.11566678734953502,
    1.4037448427755073
  ]
}