{
  "point": "tokyo",
  "model": "Aedes oldPCMP with dis",
  "best_nll": 5203.8213156880265,
  "elapsed_sec": 1002.0772850513458,
  "parameters": {
    "p_b1": 12.0492284333712,
    "p_b2": 11.962626322405574,
    "p_ccl": 1.2157004958827848,
    "p_a1l": 3.9701172287368935,
    "p_a2l": 3.2038484253421,
    "p_pf": 47.293939402521936,
    "p_dis_l": -2.1570790543111706,
    "p_m_mult_egg": 5.0,
    "p_m_mult_larva": 1.8963942853202067,
    "p_m_mult_pupa": 0.1,
    "p_m_mult_adult": 1.6024931326979361
  },
  "stats": {
    "R2_Linear": 0.09049593186716565,
    "RMSE_Linear": 17.672107894282327,
    "R2_Log": 0.059509160321553956,
    "RMSE_Log": 1.35686971912365,
    "Correlation": 0.3079268678435617
  }
}