{
  "point": "tokyo",
  "model": "Aedes RK4 with dis + CMA-ES",
  "best_nll": 3346.8195684617203,
  "elapsed_sec": 21316.10532975197,
  "parameters": {
    "p_a1l": 0.5723865877757582,
    "p_a2l": 1.5538507378222717,
    "p_b1": 14.280200440804771,
    "p_b2": 10.92096551664588,
    "p_ccl": 0.7018397045461893,
    "p_pf": 59.90567612046172,
    "p_pf_scalar_l": 4.125915939849105,
    "p_dis_l": -0.255877397733857,
    "p_m_mult_egg": 1.9999399514005372,
    "p_m_mult_larva": 1.4896977027721334,
    "p_m_mult_pupa": 0.8008914358376947,
    "p_m_mult_adult": 0.11248020096606076,
    "p_m_mult_diapause": 4.999868810558229
  },
  "stats": {
    "R2_Linear": 0.32564569874131966,
    "RMSE_Linear": 15.217037026973626,
    "R2_Log": 0.4806421658575851,
    "RMSE_Log": 1.0083103128412503,
    "Correlation": 0.5715372754258533
  },
  "cma_settings": {
    "seed": 42,
    "sigma0": 0.35,
    "maxfevals": 12000,
    "popsize": 20,
    "tolfun": 0.0001,
    "tolx": 0.0001
  }
}