{
  "point": "tokyo",
  "model": "Aedes RK4 with dis",
  "best_nll": 3317.684896319638,
  "elapsed_sec": 21313.9278151989,
  "parameters": {
    "p_a1l": 0.5315130088400594,
    "p_a2l": 2.501027133214537,
    "p_b1": 14.290404022911684,
    "p_b2": 11.182014414059426,
    "p_ccl": 1.0176817571716836,
    "p_pf": 59.57431977098652,
    "p_pf_scalar_l": 0.8549300607633983,
    "p_dis_l": -0.5440353996147507,
    "p_m_mult_egg": 1.9833401549949423,
    "p_m_mult_larva": 0.2531396736487757,
    "p_m_mult_pupa": 0.010923686577250385,
    "p_m_mult_adult": 0.1754683551219157,
    "p_m_mult_diapause": 4.889497631496896
  },
  "stats": {
    "R2_Linear": 0.32632551740743243,
    "RMSE_Linear": 15.209364921766998,
    "R2_Log": 0.49405050242314597,
    "RMSE_Log": 0.9952093557670549,
    "Correlation": 0.5729090168144526
  }
}