{
  "label": "B_PCMP[R]",
  "full_name": "PCMP baseline (adult diapause); RK4 integration; threshold washout (original PCMP); s_obs fixed (0.01); mortality fixed (1.0); Differential Evolution",
  "species": "Culex pipiens",
  "species_code": "Cx",
  "diapause": "adult",
  "integration": "RK4",
  "optimizer": "Differential Evolution",
  "config_key": "B_PCMP",
  "flags": {
    "washout_type": "threshold",
    "s_obs_estimated": false,
    "mortality_estimated": false
  },
  "day_length": 50,
  "delta_t": 0.02,
  "DE_MAXITER": 250,
  "DE_POPSIZE": 12,
  "DE_SEEDS": [
    123
  ],
  "n_objective_evaluations": 11376,
  "elapsed_sec": 376.8023638725281,
  "best_log_likelihood": -765.7828226174607,
  "best_negative_log_likelihood": 765.7828226174607,
  "k_estimated_parameters": 6,
  "active_parameters": [
    "p_b1",
    "p_b2",
    "p_ccl",
    "p_a1l",
    "p_a2l",
    "p_pf"
  ],
  "parameters": {
    "p_b1": 13.999996415358794,
    "p_b2": 11.975445479804142,
    "p_ccl": 0.7261102677730866,
    "p_a1l": 1.265959013405428,
    "p_a2l": 0.5000011787216819,
    "p_pf": -0.8611113947187274,
    "p_pf_scalar_l": -2.0,
    "p_dis_l": -2.0,
    "p_m_mult_egg_l": 0.0,
    "p_m_mult_larva_l": 0.0,
    "p_m_mult_pupa_l": 0.0,
    "p_m_mult_adult_l": 0.0,
    "p_m_mult_diapause_l": 0.0,
    "p_pf_max_l": 0.0,
    "p_hill_l": 0.3010299956639812
  },
  "converted_parameters": {
    "a1": 18.448413038410052,
    "a2": 3.1622862429398766,
    "cc": 5.322433792017865,
    "pf_mm": 0.13768562657230957,
    "pf_scalar": 0.01,
    "s_obs": 0.01,
    "dis": 0.01,
    "m_mult_egg": 1.0,
    "m_mult_larva": 1.0,
    "m_mult_pupa": 1.0,
    "m_mult_adult": 1.0,
    "m_mult_diapause": 1.0,
    "pf_max": 1.0,
    "hill": 2.0
  },
  "stats": {
    "n": 156,
    "k": 6,
    "logL": -765.7828226174607,
    "NLL": 765.7828226174607,
    "AIC": 1543.5656452349215,
    "BIC": 1561.8647812784186,
    "AICc": 1544.1294036241832,
    "R2_Linear": 0.21303671735722274,
    "RMSE_Linear": 9.957524624079507,
    "R2_Log10": 0.11749501563425091,
    "RMSE_Log10": 0.32839854167427535,
    "MAE": 5.126992126848717,
    "Bias": -0.00354131504271038,
    "Pearson_r_Linear": 0.4754168344901945,
    "Pearson_r_Log10": 0.5055777520726036,
    "Spearman_r_Linear": 0.6289807129159791,
    "Spearman_r_Log10": 0.6289807129159791
  },
  "scipy_result_success": true,
  "scipy_result_message": "Optimization terminated successfully.",
  "csv_path": "./output_paraest/saitama/Culex_pipiens/B_PCMP_R/Cx_B_PCMP_R_est_week_saitama.csv",
  "param_csv_path": "./output_paraest/saitama/Culex_pipiens/B_PCMP_R/Cx_B_PCMP_R_params_saitama.csv",
  "source_design": "unified PCMP estimation program (species/integrator/config selectable, DE optimizer)",
  "generated_at": "2026-06-21T22:09:59"
}