{
  "label": "B_PCMP[R]",
  "full_name": "PCMP baseline (adult diapause); RK4 integration; threshold washout (original PCMP); s_obs fixed (0.01); mortality fixed (1.0); Differential Evolution",
  "species": "Culex pipiens",
  "species_code": "Cx",
  "diapause": "adult",
  "integration": "RK4",
  "optimizer": "Differential Evolution",
  "config_key": "B_PCMP",
  "flags": {
    "washout_type": "threshold",
    "s_obs_estimated": false,
    "mortality_estimated": false
  },
  "day_length": 50,
  "delta_t": 0.02,
  "DE_MAXITER": 250,
  "DE_POPSIZE": 12,
  "DE_SEEDS": [
    123
  ],
  "n_objective_evaluations": 18072,
  "elapsed_sec": 1838.4675529003143,
  "best_log_likelihood": -4276.552370458453,
  "best_negative_log_likelihood": 4276.552370458453,
  "k_estimated_parameters": 6,
  "active_parameters": [
    "p_b1",
    "p_b2",
    "p_ccl",
    "p_a1l",
    "p_a2l",
    "p_pf"
  ],
  "parameters": {
    "p_b1": 14.06307127425495,
    "p_b2": 12.70569577235778,
    "p_ccl": 0.9486472046279193,
    "p_a1l": 1.014697132112107,
    "p_a2l": 0.5000324565487998,
    "p_pf": -0.969323851634802,
    "p_pf_scalar_l": -2.0,
    "p_dis_l": -2.0,
    "p_m_mult_egg_l": 0.0,
    "p_m_mult_larva_l": 0.0,
    "p_m_mult_pupa_l": 0.0,
    "p_m_mult_adult_l": 0.0,
    "p_m_mult_diapause_l": 0.0,
    "p_pf_max_l": 0.0,
    "p_hill_l": 0.3010299956639812
  },
  "converted_parameters": {
    "a1": 10.344205318393012,
    "a2": 3.162513998548877,
    "cc": 8.88479076320247,
    "pf_mm": 0.10731888413181119,
    "pf_scalar": 0.01,
    "s_obs": 0.01,
    "dis": 0.01,
    "m_mult_egg": 1.0,
    "m_mult_larva": 1.0,
    "m_mult_pupa": 1.0,
    "m_mult_adult": 1.0,
    "m_mult_diapause": 1.0,
    "pf_max": 1.0,
    "hill": 2.0
  },
  "stats": {
    "n": 548,
    "k": 6,
    "logL": -4276.552370458453,
    "NLL": 4276.552370458453,
    "AIC": 8565.104740916906,
    "BIC": 8590.942392638593,
    "AICc": 8565.260008939087,
    "R2_Linear": 0.2203431815748449,
    "RMSE_Linear": 20.524312280735888,
    "R2_Log10": 0.41418201599770066,
    "RMSE_Log10": 0.45069763592396334,
    "MAE": 8.259012386479203,
    "Bias": -0.017270548678130875,
    "Pearson_r_Linear": 0.46955844640401195,
    "Pearson_r_Log10": 0.7486953474826413,
    "Spearman_r_Linear": 0.7755465951686061,
    "Spearman_r_Log10": 0.7755465951686061
  },
  "scipy_result_success": false,
  "scipy_result_message": "Maximum number of iterations has been exceeded.",
  "csv_path": "./output_paraest/tokyo/Culex_pipiens/B_PCMP_R/Cx_B_PCMP_R_est_week_tokyo.csv",
  "param_csv_path": "./output_paraest/tokyo/Culex_pipiens/B_PCMP_R/Cx_B_PCMP_R_params_tokyo.csv",
  "source_design": "unified PCMP estimation program (species/integrator/config selectable, DE optimizer)",
  "generated_at": "2026-06-10T20:37:47"
}