{
  "label": "B_PCMP[E]",
  "full_name": "PCMP baseline (adult diapause); Euler integration; threshold washout (original PCMP); s_obs fixed (0.01); mortality fixed (1.0); Differential Evolution",
  "species": "Culex pipiens",
  "species_code": "Cx",
  "diapause": "adult",
  "integration": "Euler",
  "optimizer": "Differential Evolution",
  "config_key": "B_PCMP",
  "flags": {
    "washout_type": "threshold",
    "s_obs_estimated": false,
    "mortality_estimated": false
  },
  "day_length": 50,
  "delta_t": 0.02,
  "DE_MAXITER": 250,
  "DE_POPSIZE": 12,
  "DE_SEEDS": [
    123
  ],
  "n_objective_evaluations": 8280,
  "elapsed_sec": 128.10871505737305,
  "best_log_likelihood": -4309.483495808872,
  "best_negative_log_likelihood": 4309.483495808872,
  "k_estimated_parameters": 6,
  "active_parameters": [
    "p_b1",
    "p_b2",
    "p_ccl",
    "p_a1l",
    "p_a2l",
    "p_pf"
  ],
  "parameters": {
    "p_b1": 14.081436455529097,
    "p_b2": 12.735074842968022,
    "p_ccl": 0.9707834819970302,
    "p_a1l": 1.0097269917629514,
    "p_a2l": 0.5000058265208822,
    "p_pf": -0.9599473787003454,
    "p_pf_scalar_l": -2.0,
    "p_dis_l": -2.0,
    "p_m_mult_egg_l": 0.0,
    "p_m_mult_larva_l": 0.0,
    "p_m_mult_pupa_l": 0.0,
    "p_m_mult_adult_l": 0.0,
    "p_m_mult_diapause_l": 0.0,
    "p_pf_max_l": 0.0,
    "p_hill_l": 0.3010299956639812
  },
  "converted_parameters": {
    "a1": 10.226499271781286,
    "a2": 3.162320085760199,
    "cc": 9.349394428251683,
    "pf_mm": 0.10966110589949267,
    "pf_scalar": 0.01,
    "s_obs": 0.01,
    "dis": 0.01,
    "m_mult_egg": 1.0,
    "m_mult_larva": 1.0,
    "m_mult_pupa": 1.0,
    "m_mult_adult": 1.0,
    "m_mult_diapause": 1.0,
    "pf_max": 1.0,
    "hill": 2.0
  },
  "stats": {
    "n": 548,
    "k": 6,
    "logL": -4309.483495808872,
    "NLL": 4309.483495808872,
    "AIC": 8630.966991617744,
    "BIC": 8656.804643339432,
    "AICc": 8631.122259639926,
    "R2_Linear": 0.2162843672932917,
    "RMSE_Linear": 20.577666675005542,
    "R2_Log10": 0.412518401130458,
    "RMSE_Log10": 0.45133713125217345,
    "MAE": 8.307599341901007,
    "Bias": -0.004539365257540133,
    "Pearson_r_Linear": 0.46508232449147313,
    "Pearson_r_Log10": 0.7473058413945934,
    "Spearman_r_Linear": 0.7738492009158743,
    "Spearman_r_Log10": 0.7738492009158743
  },
  "scipy_result_success": true,
  "scipy_result_message": "Optimization terminated successfully.",
  "csv_path": "./output_paraest/tokyo/Culex_pipiens/B_PCMP_E/Cx_B_PCMP_E_est_week_tokyo.csv",
  "param_csv_path": "./output_paraest/tokyo/Culex_pipiens/B_PCMP_E/Cx_B_PCMP_E_params_tokyo.csv",
  "source_design": "unified PCMP estimation program (species/integrator/config selectable, DE optimizer)",
  "generated_at": "2026-06-10T22:17:47"
}