{
  "label": "MRA-s_obs",
  "full_name": "PCMP (adult diapause); RK4 integration; Hill saturating washout; s_obs fixed (0.01); mortality estimated; Differential Evolution",
  "species": "Culex pipiens",
  "species_code": "Cx",
  "diapause": "adult",
  "integration": "RK4",
  "optimizer": "Differential Evolution",
  "config_key": "MA-s_obs",
  "flags": {
    "washout_type": "hill",
    "s_obs_estimated": false,
    "mortality_estimated": true
  },
  "day_length": 50,
  "delta_t": 0.02,
  "DE_MAXITER": 250,
  "DE_POPSIZE": 12,
  "DE_SEEDS": [
    123
  ],
  "n_objective_evaluations": 39156,
  "elapsed_sec": 3264.5305421352386,
  "best_log_likelihood": -729.7403616793408,
  "best_negative_log_likelihood": 729.7403616793408,
  "k_estimated_parameters": 13,
  "active_parameters": [
    "p_b1",
    "p_b2",
    "p_ccl",
    "p_a1l",
    "p_a2l",
    "p_pf",
    "p_m_mult_egg_l",
    "p_m_mult_larva_l",
    "p_m_mult_pupa_l",
    "p_m_mult_adult_l",
    "p_m_mult_diapause_l",
    "p_pf_max_l",
    "p_hill_l"
  ],
  "parameters": {
    "p_b1": 13.663915967704794,
    "p_b2": 11.878302458989793,
    "p_ccl": 1.862387869649115,
    "p_a1l": 0.8919020901410858,
    "p_a2l": 0.5000192321356305,
    "p_pf": 0.12403064028807509,
    "p_pf_scalar_l": -2.0,
    "p_dis_l": -2.0,
    "p_m_mult_egg_l": 0.9975605550377231,
    "p_m_mult_larva_l": -1.5808970812906082,
    "p_m_mult_pupa_l": 0.999976312415868,
    "p_m_mult_adult_l": 0.4489291944577697,
    "p_m_mult_diapause_l": 0.6997089978472384,
    "p_pf_max_l": 0.2887516088662394,
    "p_hill_l": 1.4952840637202798
  },
  "converted_parameters": {
    "a1": 7.7965432093073765,
    "a2": 3.1624177003991956,
    "cc": 72.84300771074224,
    "pf_mm": 1.3305482873372738,
    "pf_scalar": 0.01,
    "s_obs": 0.01,
    "dis": 0.01,
    "m_mult_egg": 9.943987164097361,
    "m_mult_larva": 0.026248405019890907,
    "m_mult_pupa": 9.999454588093135,
    "m_mult_adult": 2.811442427305857,
    "m_mult_diapause": 5.008515219888847,
    "pf_max": 1.9442477671478515,
    "hill": 31.28124744739946
  },
  "stats": {
    "n": 156,
    "k": 13,
    "logL": -729.7403616793408,
    "NLL": 729.7403616793408,
    "AIC": 1485.4807233586816,
    "BIC": 1525.1288514529256,
    "AICc": 1488.0441036403718,
    "R2_Linear": 0.26530277235963384,
    "RMSE_Linear": 9.621180327555697,
    "R2_Log10": 0.1436921804243615,
    "RMSE_Log10": 0.3234875653625882,
    "MAE": 5.183124112040569,
    "Bias": 0.008676258544599117,
    "Pearson_r_Linear": 0.5193663556990226,
    "Pearson_r_Log10": 0.5258302312925842,
    "Spearman_r_Linear": 0.5489902636215627,
    "Spearman_r_Log10": 0.5489902636215627
  },
  "scipy_result_success": false,
  "scipy_result_message": "Maximum number of iterations has been exceeded.",
  "csv_path": "./output_paraest/saitama/Culex_pipiens/MRA_s_obs/Cx_MRA_s_obs_est_week_saitama.csv",
  "param_csv_path": "./output_paraest/saitama/Culex_pipiens/MRA_s_obs/Cx_MRA_s_obs_params_saitama.csv",
  "source_design": "unified PCMP estimation program (species/integrator/config selectable, DE optimizer)",
  "generated_at": "2026-06-11T03:33:17"
}