{
  "label": "MES",
  "full_name": "PCMP (adult diapause); Euler integration; threshold washout (original PCMP); s_obs estimated; mortality fixed (1.0); Differential Evolution",
  "species": "Culex pipiens",
  "species_code": "Cx",
  "diapause": "adult",
  "integration": "Euler",
  "optimizer": "Differential Evolution",
  "config_key": "MS",
  "flags": {
    "washout_type": "threshold",
    "s_obs_estimated": true,
    "mortality_estimated": false
  },
  "day_length": 50,
  "delta_t": 0.02,
  "DE_MAXITER": 250,
  "DE_POPSIZE": 12,
  "DE_SEEDS": [
    123
  ],
  "n_objective_evaluations": 21084,
  "elapsed_sec": 349.75444889068604,
  "best_log_likelihood": -4309.387964488616,
  "best_negative_log_likelihood": 4309.387964488616,
  "k_estimated_parameters": 7,
  "active_parameters": [
    "p_b1",
    "p_b2",
    "p_ccl",
    "p_a1l",
    "p_a2l",
    "p_pf",
    "p_dis_l"
  ],
  "parameters": {
    "p_b1": 14.090018519469638,
    "p_b2": 12.733556291890526,
    "p_ccl": 1.9187814961011327,
    "p_a1l": 1.0088004914807311,
    "p_a2l": 0.5000076612656607,
    "p_pf": -0.9916963043312528,
    "p_pf_scalar_l": -2.0,
    "p_dis_l": -2.947763844263072,
    "p_m_mult_egg_l": 0.0,
    "p_m_mult_larva_l": 0.0,
    "p_m_mult_pupa_l": 0.0,
    "p_m_mult_adult_l": 0.0,
    "p_m_mult_diapause_l": 0.0,
    "p_pf_max_l": 0.0,
    "p_hill_l": 0.3010299956639812
  },
  "converted_parameters": {
    "a1": 10.204705867838266,
    "a2": 3.1623334455028687,
    "cc": 82.94333548399324,
    "pf_mm": 0.10193039229582934,
    "pf_scalar": 0.01,
    "s_obs": 0.0011278105575253116,
    "dis": 0.0011278105575253116,
    "m_mult_egg": 1.0,
    "m_mult_larva": 1.0,
    "m_mult_pupa": 1.0,
    "m_mult_adult": 1.0,
    "m_mult_diapause": 1.0,
    "pf_max": 1.0,
    "hill": 2.0
  },
  "stats": {
    "n": 548,
    "k": 7,
    "logL": -4309.387964488616,
    "NLL": 4309.387964488616,
    "AIC": 8632.775928977231,
    "BIC": 8662.919855985867,
    "AICc": 8632.98333638464,
    "R2_Linear": 0.21633344811961097,
    "RMSE_Linear": 20.57702231839518,
    "R2_Log10": 0.4126469108683274,
    "RMSE_Log10": 0.45128776426878026,
    "MAE": 8.300203229118438,
    "Bias": -0.025386361502993594,
    "Pearson_r_Linear": 0.4651540723492939,
    "Pearson_r_Log10": 0.7470698380802347,
    "Spearman_r_Linear": 0.7738019025635509,
    "Spearman_r_Log10": 0.7738019025635509
  },
  "scipy_result_success": false,
  "scipy_result_message": "Maximum number of iterations has been exceeded.",
  "csv_path": "./output_paraest/tokyo/Culex_pipiens/MES/Cx_MES_est_week_tokyo.csv",
  "param_csv_path": "./output_paraest/tokyo/Culex_pipiens/MES/Cx_MES_params_tokyo.csv",
  "source_design": "unified PCMP estimation program (species/integrator/config selectable, DE optimizer)",
  "generated_at": "2026-06-10T22:29:38"
}