{
  "label": "MRW",
  "full_name": "PCMP (adult diapause); RK4 integration; Hill saturating washout; s_obs fixed (0.01); mortality fixed (1.0); Differential Evolution",
  "species": "Culex pipiens",
  "species_code": "Cx",
  "diapause": "adult",
  "integration": "RK4",
  "optimizer": "Differential Evolution",
  "config_key": "MW",
  "flags": {
    "washout_type": "hill",
    "s_obs_estimated": false,
    "mortality_estimated": false
  },
  "day_length": 50,
  "delta_t": 0.02,
  "DE_MAXITER": 250,
  "DE_POPSIZE": 12,
  "DE_SEEDS": [
    123
  ],
  "n_objective_evaluations": 17280,
  "elapsed_sec": 2163.9725527763367,
  "best_log_likelihood": -765.8700706902165,
  "best_negative_log_likelihood": 765.8700706902165,
  "k_estimated_parameters": 8,
  "active_parameters": [
    "p_b1",
    "p_b2",
    "p_ccl",
    "p_a1l",
    "p_a2l",
    "p_pf",
    "p_pf_max_l",
    "p_hill_l"
  ],
  "parameters": {
    "p_b1": 13.999998422490414,
    "p_b2": 11.979545503546765,
    "p_ccl": 0.725322602191405,
    "p_a1l": 1.2651961274911538,
    "p_a2l": 0.5000006175241154,
    "p_pf": -0.8390524981238585,
    "p_pf_scalar_l": -2.0,
    "p_dis_l": -2.0,
    "p_m_mult_egg_l": 0.0,
    "p_m_mult_larva_l": 0.0,
    "p_m_mult_pupa_l": 0.0,
    "p_m_mult_adult_l": 0.0,
    "p_m_mult_diapause_l": 0.0,
    "p_pf_max_l": 0.12757988047852575,
    "p_hill_l": 1.6973303933731079
  },
  "converted_parameters": {
    "a1": 18.416034822762576,
    "a2": 3.162282156619945,
    "cc": 5.312789417833183,
    "pf_mm": 0.14485967345631084,
    "pf_scalar": 0.01,
    "s_obs": 0.01,
    "dis": 0.01,
    "m_mult_egg": 1.0,
    "m_mult_larva": 1.0,
    "m_mult_pupa": 1.0,
    "m_mult_adult": 1.0,
    "m_mult_diapause": 1.0,
    "pf_max": 1.3414666508214859,
    "hill": 49.81158869443705
  },
  "stats": {
    "n": 156,
    "k": 8,
    "logL": -765.8700706902165,
    "NLL": 765.8700706902165,
    "AIC": 1547.740141380433,
    "BIC": 1572.1389894384292,
    "AICc": 1548.7197332171677,
    "R2_Linear": 0.21339920237517251,
    "RMSE_Linear": 9.95523108046242,
    "R2_Log10": 0.11630656938105133,
    "RMSE_Log10": 0.3286195901189954,
    "MAE": 5.129293950485185,
    "Bias": 0.0025410119082309554,
    "Pearson_r_Linear": 0.475676285045153,
    "Pearson_r_Log10": 0.5053061371973357,
    "Spearman_r_Linear": 0.6284660170609584,
    "Spearman_r_Log10": 0.6284660170609584
  },
  "scipy_result_success": true,
  "scipy_result_message": "Optimization terminated successfully.",
  "csv_path": "./output_paraest/saitama/Culex_pipiens/MRW/Cx_MRW_est_week_saitama.csv",
  "param_csv_path": "./output_paraest/saitama/Culex_pipiens/MRW/Cx_MRW_params_saitama.csv",
  "source_design": "unified PCMP estimation program (species/integrator/config selectable, DE optimizer)",
  "generated_at": "2026-06-10T23:43:01"
}