{
  "label": "MEA-s_obs",
  "full_name": "PCMP (adult diapause); Euler integration; Hill saturating washout; s_obs fixed (0.01); mortality estimated; Differential Evolution",
  "species": "Culex pipiens",
  "species_code": "Cx",
  "diapause": "adult",
  "integration": "Euler",
  "optimizer": "Differential Evolution",
  "config_key": "MA-s_obs",
  "flags": {
    "washout_type": "hill",
    "s_obs_estimated": false,
    "mortality_estimated": true
  },
  "day_length": 50,
  "delta_t": 0.02,
  "DE_MAXITER": 250,
  "DE_POPSIZE": 12,
  "DE_SEEDS": [
    123
  ],
  "n_objective_evaluations": 39156,
  "elapsed_sec": 584.8604829311371,
  "best_log_likelihood": -4168.448186241574,
  "best_negative_log_likelihood": 4168.448186241574,
  "k_estimated_parameters": 13,
  "active_parameters": [
    "p_b1",
    "p_b2",
    "p_ccl",
    "p_a1l",
    "p_a2l",
    "p_pf",
    "p_m_mult_egg_l",
    "p_m_mult_larva_l",
    "p_m_mult_pupa_l",
    "p_m_mult_adult_l",
    "p_m_mult_diapause_l",
    "p_pf_max_l",
    "p_hill_l"
  ],
  "parameters": {
    "p_b1": 13.986834350748854,
    "p_b2": 12.609479140602724,
    "p_ccl": 1.4906984714692637,
    "p_a1l": 0.9619476856655977,
    "p_a2l": 0.5000031191494434,
    "p_pf": -0.9689980473147919,
    "p_pf_scalar_l": -2.0,
    "p_dis_l": -2.0,
    "p_m_mult_egg_l": -1.9998751410239628,
    "p_m_mult_larva_l": -0.6837490297383235,
    "p_m_mult_pupa_l": -1.9997235048722315,
    "p_m_mult_adult_l": 0.33628375592413207,
    "p_m_mult_diapause_l": 0.3043420258159443,
    "p_pf_max_l": 0.9173409932908037,
    "p_hill_l": 0.03812692173962928
  },
  "converted_parameters": {
    "a1": 9.161101304919553,
    "a2": 3.1623003720664933,
    "cc": 30.95269522550593,
    "pf_mm": 0.10739942412489127,
    "pf_scalar": 0.01,
    "s_obs": 0.01,
    "dis": 0.01,
    "m_mult_egg": 0.010002875397485804,
    "m_mult_larva": 0.20713379885912425,
    "m_mult_pupa": 0.010006368562663783,
    "m_mult_adult": 2.1691208851269765,
    "m_mult_diapause": 2.0153107700420687,
    "pf_max": 8.266867812332121,
    "hill": 1.091759354433441
  },
  "stats": {
    "n": 548,
    "k": 13,
    "logL": -4168.448186241574,
    "NLL": 4168.448186241574,
    "AIC": 8362.896372483148,
    "BIC": 8418.877951213473,
    "AICc": 8363.578020423223,
    "R2_Linear": 0.23112568100751862,
    "RMSE_Linear": 20.381894576650165,
    "R2_Log10": 0.4859204964227607,
    "RMSE_Log10": 0.4222008219697212,
    "MAE": 8.007495686845422,
    "Bias": 0.0021783642264980893,
    "Pearson_r_Linear": 0.48080562537243693,
    "Pearson_r_Log10": 0.7782310206157526,
    "Spearman_r_Linear": 0.7931883342346705,
    "Spearman_r_Log10": 0.7931883342346705
  },
  "scipy_result_success": false,
  "scipy_result_message": "Maximum number of iterations has been exceeded.",
  "csv_path": "./output_paraest/tokyo/Culex_pipiens/MEA_s_obs/Cx_MEA_s_obs_est_week_tokyo.csv",
  "param_csv_path": "./output_paraest/tokyo/Culex_pipiens/MEA_s_obs/Cx_MEA_s_obs_params_tokyo.csv",
  "source_design": "unified PCMP estimation program (species/integrator/config selectable, DE optimizer)",
  "generated_at": "2026-06-10T23:48:17"
}