{
  "label": "MRA",
  "full_name": "PCMP (adult diapause); RK4 integration; Hill saturating washout; s_obs estimated; mortality estimated; Differential Evolution",
  "species": "Culex pipiens",
  "species_code": "Cx",
  "diapause": "adult",
  "integration": "RK4",
  "optimizer": "Differential Evolution",
  "config_key": "MA",
  "flags": {
    "washout_type": "hill",
    "s_obs_estimated": true,
    "mortality_estimated": true
  },
  "day_length": 50,
  "delta_t": 0.02,
  "DE_MAXITER": 250,
  "DE_POPSIZE": 12,
  "DE_SEEDS": [
    123
  ],
  "n_objective_evaluations": 42168,
  "elapsed_sec": 6904.450532197952,
  "best_log_likelihood": -4171.542656996153,
  "best_negative_log_likelihood": 4171.542656996153,
  "k_estimated_parameters": 14,
  "active_parameters": [
    "p_b1",
    "p_b2",
    "p_ccl",
    "p_a1l",
    "p_a2l",
    "p_pf",
    "p_dis_l",
    "p_m_mult_egg_l",
    "p_m_mult_larva_l",
    "p_m_mult_pupa_l",
    "p_m_mult_adult_l",
    "p_m_mult_diapause_l",
    "p_pf_max_l",
    "p_hill_l"
  ],
  "parameters": {
    "p_b1": 13.989540526383866,
    "p_b2": 12.611482570139088,
    "p_ccl": 0.6145432648185245,
    "p_a1l": 0.9638744018964653,
    "p_a2l": 0.5000651603861661,
    "p_pf": -0.8471072873874992,
    "p_pf_scalar_l": -2.0,
    "p_dis_l": -1.1469583284994163,
    "p_m_mult_egg_l": -1.9903546699875223,
    "p_m_mult_larva_l": -0.6016072181997145,
    "p_m_mult_pupa_l": -1.924987154783258,
    "p_m_mult_adult_l": 0.32107955360496776,
    "p_m_mult_diapause_l": 0.3019428272906751,
    "p_pf_max_l": 0.8666037077261008,
    "p_hill_l": 0.1470599742919234
  },
  "converted_parameters": {
    "a1": 9.201834159296713,
    "a2": 3.162752155472487,
    "cc": 4.116643556444736,
    "pf_mm": 0.14219774607788888,
    "pf_scalar": 0.01,
    "s_obs": 0.07129214332076214,
    "dis": 0.07129214332076214,
    "m_mult_egg": 0.010224576531896403,
    "m_mult_larva": 0.25026077307459244,
    "m_mult_pupa": 0.011885373805304134,
    "m_mult_adult": 2.094496088296663,
    "m_mult_diapause": 2.0042081659569595,
    "pf_max": 7.355356173690363,
    "hill": 1.4030074407745972
  },
  "stats": {
    "n": 548,
    "k": 14,
    "logL": -4171.542656996153,
    "NLL": 4171.542656996153,
    "AIC": 8371.085313992306,
    "BIC": 8431.373168009577,
    "AICc": 8371.873306487616,
    "R2_Linear": 0.23076066928158034,
    "RMSE_Linear": 20.38673200428913,
    "R2_Log10": 0.4850576788964336,
    "RMSE_Log10": 0.42255497881120274,
    "MAE": 8.002556901452374,
    "Bias": -0.008655016831749743,
    "Pearson_r_Linear": 0.4804103564960839,
    "Pearson_r_Log10": 0.7777533748403137,
    "Spearman_r_Linear": 0.7928173231492418,
    "Spearman_r_Log10": 0.7928173231492418
  },
  "scipy_result_success": false,
  "scipy_result_message": "Maximum number of iterations has been exceeded.",
  "csv_path": "./output_paraest/tokyo/Culex_pipiens/MRA/Cx_MRA_est_week_tokyo.csv",
  "param_csv_path": "./output_paraest/tokyo/Culex_pipiens/MRA/Cx_MRA_params_tokyo.csv",
  "source_design": "unified PCMP estimation program (species/integrator/config selectable, DE optimizer)",
  "generated_at": "2026-06-11T00:32:23"
}