{
  "label": "MRA-washout",
  "full_name": "PCMP (adult diapause); RK4 integration; threshold washout (original PCMP); s_obs estimated; mortality estimated; Differential Evolution",
  "species": "Culex pipiens",
  "species_code": "Cx",
  "diapause": "adult",
  "integration": "RK4",
  "optimizer": "Differential Evolution",
  "config_key": "MA-washout",
  "flags": {
    "washout_type": "threshold",
    "s_obs_estimated": true,
    "mortality_estimated": true
  },
  "day_length": 50,
  "delta_t": 0.02,
  "DE_MAXITER": 250,
  "DE_POPSIZE": 12,
  "DE_SEEDS": [
    123
  ],
  "n_objective_evaluations": 36144,
  "elapsed_sec": 3958.2332520484924,
  "best_log_likelihood": -4166.8429432548355,
  "best_negative_log_likelihood": 4166.8429432548355,
  "k_estimated_parameters": 12,
  "active_parameters": [
    "p_b1",
    "p_b2",
    "p_ccl",
    "p_a1l",
    "p_a2l",
    "p_pf",
    "p_dis_l",
    "p_m_mult_egg_l",
    "p_m_mult_larva_l",
    "p_m_mult_pupa_l",
    "p_m_mult_adult_l",
    "p_m_mult_diapause_l"
  ],
  "parameters": {
    "p_b1": 13.981124017003433,
    "p_b2": 12.605931236597078,
    "p_ccl": 0.4390593328227781,
    "p_a1l": 0.9752091600627902,
    "p_a2l": 0.5000112386998934,
    "p_pf": -0.9048017063992764,
    "p_pf_scalar_l": -2.0,
    "p_dis_l": -0.9647958822778926,
    "p_m_mult_egg_l": -1.999046919475281,
    "p_m_mult_larva_l": -1.056664241768536,
    "p_m_mult_pupa_l": -1.9676437719019784,
    "p_m_mult_adult_l": 0.32480420723872283,
    "p_m_mult_diapause_l": 0.304029826841536,
    "p_pf_max_l": 0.0,
    "p_hill_l": 0.3010299956639812
  },
  "converted_parameters": {
    "a1": 9.445156538555834,
    "a2": 3.162359494847241,
    "cc": 2.748269592950916,
    "pf_mm": 0.12450829718141632,
    "pf_scalar": 0.01,
    "s_obs": 0.10844364777003598,
    "dis": 0.10844364777003598,
    "m_mult_egg": 0.010021969587937916,
    "m_mult_larva": 0.08776791030736909,
    "m_mult_pupa": 0.010773485416094377,
    "m_mult_adult": 2.112536431391567,
    "m_mult_diapause": 2.013862554858601,
    "pf_max": 1.0,
    "hill": 2.0
  },
  "stats": {
    "n": 548,
    "k": 12,
    "logL": -4166.8429432548355,
    "NLL": 4166.8429432548355,
    "AIC": 8357.685886509671,
    "BIC": 8409.361189953048,
    "AICc": 8358.269064079765,
    "R2_Linear": 0.23154736669293052,
    "RMSE_Linear": 20.376304630586176,
    "R2_Log10": 0.4856261387163041,
    "RMSE_Log10": 0.42232167903530693,
    "MAE": 8.000284149911204,
    "Bias": 0.0011594642357255183,
    "Pearson_r_Linear": 0.481226854159192,
    "Pearson_r_Log10": 0.7782083077957448,
    "Spearman_r_Linear": 0.792945247240757,
    "Spearman_r_Log10": 0.792945247240757
  },
  "scipy_result_success": false,
  "scipy_result_message": "Maximum number of iterations has been exceeded.",
  "csv_path": "./output_paraest/tokyo/Culex_pipiens/MRA_washout/Cx_MRA_washout_est_week_tokyo.csv",
  "param_csv_path": "./output_paraest/tokyo/Culex_pipiens/MRA_washout/Cx_MRA_washout_params_tokyo.csv",
  "source_design": "unified PCMP estimation program (species/integrator/config selectable, DE optimizer)",
  "generated_at": "2026-06-11T01:38:23"
}