{
  "label": "MRA",
  "full_name": "PCMP (adult diapause); RK4 integration; Hill saturating washout; s_obs estimated; mortality estimated; Differential Evolution",
  "species": "Culex pipiens",
  "species_code": "Cx",
  "diapause": "adult",
  "integration": "RK4",
  "optimizer": "Differential Evolution",
  "config_key": "MA",
  "flags": {
    "washout_type": "hill",
    "s_obs_estimated": true,
    "mortality_estimated": true
  },
  "day_length": 50,
  "delta_t": 0.02,
  "DE_MAXITER": 250,
  "DE_POPSIZE": 12,
  "DE_SEEDS": [
    123
  ],
  "n_objective_evaluations": 30120,
  "elapsed_sec": 1160.7139189243317,
  "best_log_likelihood": -777.5875339375094,
  "best_negative_log_likelihood": 777.5875339375094,
  "k_estimated_parameters": 10,
  "active_parameters": [
    "p_ccl",
    "p_pf",
    "p_dis_l",
    "p_m_mult_egg_l",
    "p_m_mult_larva_l",
    "p_m_mult_pupa_l",
    "p_m_mult_adult_l",
    "p_m_mult_diapause_l",
    "p_pf_max_l",
    "p_hill_l"
  ],
  "parameters": {
    "p_b1": 13.988,
    "p_b2": 12.607,
    "p_ccl": 2.4714769831627805,
    "p_a1l": 0.9630791606418272,
    "p_a2l": 0.4999618655961902,
    "p_pf": 0.23118749586056708,
    "p_pf_scalar_l": -2.0,
    "p_dis_l": -2.7111484153857432,
    "p_m_mult_egg_l": -0.09720327175075372,
    "p_m_mult_larva_l": -1.9571990386104916,
    "p_m_mult_pupa_l": 0.9999973132012387,
    "p_m_mult_adult_l": 0.4752176615366833,
    "p_m_mult_diapause_l": 0.5742021176530736,
    "p_pf_max_l": -0.8338179565566342,
    "p_hill_l": 1.6649089371818806
  },
  "converted_parameters": {
    "a1": 9.185000000000002,
    "a2": 3.162,
    "cc": 296.12630195479204,
    "pf_mm": 1.7028935317250005,
    "pf_scalar": 0.01,
    "s_obs": 0.0019446953896892212,
    "dis": 0.0019446953896892212,
    "m_mult_egg": 0.7994599797782532,
    "m_mult_larva": 0.011035727329194679,
    "m_mult_pupa": 9.999938134363614,
    "m_mult_adult": 2.9868792205516566,
    "m_mult_diapause": 3.7514755270567828,
    "pf_max": 0.14661622841742272,
    "hill": 46.228407956243025
  },
  "stats": {
    "n": 156,
    "k": 10,
    "logL": -777.5875339375094,
    "NLL": 777.5875339375094,
    "AIC": 1575.1750678750188,
    "BIC": 1605.6736279475142,
    "AICc": 1576.692309254329,
    "R2_Linear": 0.30402416070484417,
    "RMSE_Linear": 9.364211967324943,
    "R2_Log10": 0.041859119733659966,
    "RMSE_Log10": 0.34218212698915723,
    "MAE": 5.223846097405942,
    "Bias": 0.0008532280234668076,
    "Pearson_r_Linear": 0.5515421507629067,
    "Pearson_r_Log10": 0.5475221156921655,
    "Spearman_r_Linear": 0.5991906922637392,
    "Spearman_r_Log10": 0.5991906922637392
  },
  "scipy_result_success": false,
  "scipy_result_message": "Maximum number of iterations has been exceeded.",
  "csv_path": "./output_paraest/saitama/Culex_pipiens/MRA/Cx_MRA_est_week_saitama.csv",
  "param_csv_path": "./output_paraest/saitama/Culex_pipiens/MRA/Cx_MRA_params_saitama.csv",
  "source_design": "unified PCMP estimation program (species/integrator/config selectable, DE optimizer)",
  "generated_at": "2026-06-21T22:26:55"
}