{
  "label": "MES",
  "full_name": "PCMP (adult diapause); Euler integration; threshold washout (original PCMP); s_obs estimated; mortality fixed (1.0); Differential Evolution",
  "species": "Culex pipiens",
  "species_code": "Cx",
  "diapause": "adult",
  "integration": "Euler",
  "optimizer": "Differential Evolution",
  "config_key": "MS",
  "flags": {
    "washout_type": "threshold",
    "s_obs_estimated": true,
    "mortality_estimated": false
  },
  "day_length": 50,
  "delta_t": 0.02,
  "DE_MAXITER": 250,
  "DE_POPSIZE": 12,
  "DE_SEEDS": [
    123
  ],
  "n_objective_evaluations": 14784,
  "elapsed_sec": 281.8154847621918,
  "best_log_likelihood": -771.1531584140565,
  "best_negative_log_likelihood": 771.1531584140565,
  "k_estimated_parameters": 7,
  "active_parameters": [
    "p_b1",
    "p_b2",
    "p_ccl",
    "p_a1l",
    "p_a2l",
    "p_pf",
    "p_dis_l"
  ],
  "parameters": {
    "p_b1": 13.999998333197693,
    "p_b2": 11.971032898381436,
    "p_ccl": 1.5538498543596302,
    "p_a1l": 1.274430377226722,
    "p_a2l": 0.5000006842892721,
    "p_pf": -0.8061576597442792,
    "p_pf_scalar_l": -2.0,
    "p_dis_l": -2.808408842014952,
    "p_m_mult_egg_l": 0.0,
    "p_m_mult_larva_l": 0.0,
    "p_m_mult_pupa_l": 0.0,
    "p_m_mult_adult_l": 0.0,
    "p_m_mult_diapause_l": 0.0,
    "p_pf_max_l": 0.0,
    "p_hill_l": 0.3010299956639812
  },
  "converted_parameters": {
    "a1": 18.811801056217565,
    "a2": 3.1622826427653803,
    "cc": 35.797265628571914,
    "pf_mm": 0.15625802839929373,
    "pf_scalar": 0.01,
    "s_obs": 0.001554501544877118,
    "dis": 0.001554501544877118,
    "m_mult_egg": 1.0,
    "m_mult_larva": 1.0,
    "m_mult_pupa": 1.0,
    "m_mult_adult": 1.0,
    "m_mult_diapause": 1.0,
    "pf_max": 1.0,
    "hill": 2.0
  },
  "stats": {
    "n": 156,
    "k": 7,
    "logL": -771.1531584140565,
    "NLL": 771.1531584140565,
    "AIC": 1556.306316828113,
    "BIC": 1577.6553088788598,
    "AICc": 1557.0630735848697,
    "R2_Linear": 0.20818686413313714,
    "RMSE_Linear": 9.988160333980156,
    "R2_Log10": 0.10446505093526814,
    "RMSE_Log10": 0.3308140194044379,
    "MAE": 5.202947942046474,
    "Bias": -0.00012852970082951525,
    "Pearson_r_Linear": 0.4684353329177826,
    "Pearson_r_Log10": 0.49600675194015575,
    "Spearman_r_Linear": 0.601142380583554,
    "Spearman_r_Log10": 0.601142380583554
  },
  "scipy_result_success": true,
  "scipy_result_message": "Optimization terminated successfully.",
  "csv_path": "./output_paraest/saitama/Culex_pipiens/MES/Cx_MES_est_week_saitama.csv",
  "param_csv_path": "./output_paraest/saitama/Culex_pipiens/MES/Cx_MES_params_saitama.csv",
  "source_design": "unified PCMP estimation program (species/integrator/config selectable, DE optimizer)",
  "generated_at": "2026-06-11T00:47:15"
}