{
  "label": "MEW",
  "full_name": "PCMP (adult diapause); Euler integration; Hill saturating washout; s_obs fixed (0.01); mortality fixed (1.0); Differential Evolution",
  "species": "Culex pipiens",
  "species_code": "Cx",
  "diapause": "adult",
  "integration": "Euler",
  "optimizer": "Differential Evolution",
  "config_key": "MW",
  "flags": {
    "washout_type": "hill",
    "s_obs_estimated": false,
    "mortality_estimated": false
  },
  "day_length": 50,
  "delta_t": 0.02,
  "DE_MAXITER": 250,
  "DE_POPSIZE": 12,
  "DE_SEEDS": [
    123
  ],
  "n_objective_evaluations": 24096,
  "elapsed_sec": 417.160197019577,
  "best_log_likelihood": -771.2466112611293,
  "best_negative_log_likelihood": 771.2466112611293,
  "k_estimated_parameters": 8,
  "active_parameters": [
    "p_b1",
    "p_b2",
    "p_ccl",
    "p_a1l",
    "p_a2l",
    "p_pf",
    "p_pf_max_l",
    "p_hill_l"
  ],
  "parameters": {
    "p_b1": 13.999968848669829,
    "p_b2": 11.971653869054874,
    "p_ccl": 0.7442892379666253,
    "p_a1l": 1.2889617311512949,
    "p_a2l": 0.5000018916499369,
    "p_pf": -0.7935465255219607,
    "p_pf_scalar_l": -2.0,
    "p_dis_l": -2.0,
    "p_m_mult_egg_l": 0.0,
    "p_m_mult_larva_l": 0.0,
    "p_m_mult_pupa_l": 0.0,
    "p_m_mult_adult_l": 0.0,
    "p_m_mult_diapause_l": 0.0,
    "p_pf_max_l": 0.44946084060332336,
    "p_hill_l": 1.6642332469670673
  },
  "converted_parameters": {
    "a1": 19.45188669334874,
    "a2": 3.162291434083576,
    "cc": 5.5499521395566225,
    "pf_mm": 0.16086200388445018,
    "pf_scalar": 0.01,
    "s_obs": 0.01,
    "dis": 0.01,
    "m_mult_egg": 1.0,
    "m_mult_larva": 1.0,
    "m_mult_pupa": 1.0,
    "m_mult_adult": 1.0,
    "m_mult_diapause": 1.0,
    "pf_max": 2.814886191473823,
    "hill": 46.1565401390899
  },
  "stats": {
    "n": 156,
    "k": 8,
    "logL": -771.2466112611293,
    "NLL": 771.2466112611293,
    "AIC": 1558.4932225222585,
    "BIC": 1582.8920705802548,
    "AICc": 1559.4728143589932,
    "R2_Linear": 0.20813443876339655,
    "RMSE_Linear": 9.988490982909662,
    "R2_Log10": 0.10432444478880187,
    "RMSE_Log10": 0.33083998860802444,
    "MAE": 5.2040772568263,
    "Bias": -0.0007748054479749045,
    "Pearson_r_Linear": 0.46832406954804406,
    "Pearson_r_Log10": 0.49587697677572007,
    "Spearman_r_Linear": 0.6005861254358917,
    "Spearman_r_Log10": 0.6005861254358917
  },
  "scipy_result_success": false,
  "scipy_result_message": "Maximum number of iterations has been exceeded.",
  "csv_path": "./output_paraest/saitama/Culex_pipiens/MEW/Cx_MEW_est_week_saitama.csv",
  "param_csv_path": "./output_paraest/saitama/Culex_pipiens/MEW/Cx_MEW_params_saitama.csv",
  "source_design": "unified PCMP estimation program (species/integrator/config selectable, DE optimizer)",
  "generated_at": "2026-06-11T00:42:28"
}