{
  "label": "MRA-washout",
  "full_name": "PCMP (adult diapause); RK4 integration; threshold washout (original PCMP); s_obs estimated; mortality estimated; Differential Evolution",
  "species": "Culex pipiens",
  "species_code": "Cx",
  "diapause": "adult",
  "integration": "RK4",
  "optimizer": "Differential Evolution",
  "config_key": "MA-washout",
  "flags": {
    "washout_type": "threshold",
    "s_obs_estimated": true,
    "mortality_estimated": true
  },
  "day_length": 50,
  "delta_t": 0.02,
  "DE_MAXITER": 250,
  "DE_POPSIZE": 12,
  "DE_SEEDS": [
    123
  ],
  "n_objective_evaluations": 36144,
  "elapsed_sec": 2621.4862899780273,
  "best_log_likelihood": -728.9487351510909,
  "best_negative_log_likelihood": 728.9487351510909,
  "k_estimated_parameters": 12,
  "active_parameters": [
    "p_b1",
    "p_b2",
    "p_ccl",
    "p_a1l",
    "p_a2l",
    "p_pf",
    "p_dis_l",
    "p_m_mult_egg_l",
    "p_m_mult_larva_l",
    "p_m_mult_pupa_l",
    "p_m_mult_adult_l",
    "p_m_mult_diapause_l"
  ],
  "parameters": {
    "p_b1": 13.485565067435543,
    "p_b2": 11.82526301777037,
    "p_ccl": 2.8152729124611136,
    "p_a1l": 1.489327613661927,
    "p_a2l": 0.5002183433170153,
    "p_pf": 0.12481805865624115,
    "p_pf_scalar_l": -2.0,
    "p_dis_l": -2.912669166997012,
    "p_m_mult_egg_l": 0.984045433465047,
    "p_m_mult_larva_l": -1.7974854736634311,
    "p_m_mult_pupa_l": 0.9998556427307874,
    "p_m_mult_adult_l": 0.4890538444523874,
    "p_m_mult_diapause_l": 0.7581311248230431,
    "p_pf_max_l": 0.0,
    "p_hill_l": 0.3010299956639812
  },
  "converted_parameters": {
    "a1": 30.855146562502693,
    "a2": 3.1638679078409875,
    "cc": 653.5411115917824,
    "pf_mm": 1.3329628897989034,
    "pf_scalar": 0.01,
    "s_obs": 0.0012227307464783251,
    "dis": 0.0012227307464783251,
    "m_mult_egg": 9.639298593119618,
    "m_mult_larva": 0.01594096199351103,
    "m_mult_pupa": 9.996676603409089,
    "m_mult_adult": 3.0835702320083223,
    "m_mult_diapause": 5.729689991467708,
    "pf_max": 1.0,
    "hill": 2.0
  },
  "stats": {
    "n": 156,
    "k": 12,
    "logL": -728.9487351510909,
    "NLL": 728.9487351510909,
    "AIC": 1481.8974703021818,
    "BIC": 1518.4957423891763,
    "AICc": 1484.079288484,
    "R2_Linear": 0.26027116598256506,
    "RMSE_Linear": 9.65406965161391,
    "R2_Log10": 0.13261438249723378,
    "RMSE_Log10": 0.3255732723957242,
    "MAE": 5.244503331206163,
    "Bias": 0.019868818270448643,
    "Pearson_r_Linear": 0.5146697237364455,
    "Pearson_r_Log10": 0.5172317505184114,
    "Spearman_r_Linear": 0.535966220681473,
    "Spearman_r_Log10": 0.535966220681473
  },
  "scipy_result_success": false,
  "scipy_result_message": "Maximum number of iterations has been exceeded.",
  "csv_path": "./output_paraest/saitama/Culex_pipiens/MRA_washout/Cx_MRA_washout_est_week_saitama.csv",
  "param_csv_path": "./output_paraest/saitama/Culex_pipiens/MRA_washout/Cx_MRA_washout_params_saitama.csv",
  "source_design": "unified PCMP estimation program (species/integrator/config selectable, DE optimizer)",
  "generated_at": "2026-06-11T02:38:52"
}