{
  "label": "MRA-mortality",
  "full_name": "PCMP (adult diapause); RK4 integration; Hill saturating washout; s_obs estimated; mortality fixed (1.0); Differential Evolution",
  "species": "Culex pipiens",
  "species_code": "Cx",
  "diapause": "adult",
  "integration": "RK4",
  "optimizer": "Differential Evolution",
  "config_key": "MA-mortality",
  "flags": {
    "washout_type": "hill",
    "s_obs_estimated": true,
    "mortality_estimated": false
  },
  "day_length": 50,
  "delta_t": 0.02,
  "DE_MAXITER": 250,
  "DE_POPSIZE": 12,
  "DE_SEEDS": [
    123
  ],
  "n_objective_evaluations": 25812,
  "elapsed_sec": 513.2845189571381,
  "best_log_likelihood": -765.8692249155779,
  "best_negative_log_likelihood": 765.8692249155779,
  "k_estimated_parameters": 9,
  "active_parameters": [
    "p_b1",
    "p_b2",
    "p_ccl",
    "p_a1l",
    "p_a2l",
    "p_pf",
    "p_dis_l",
    "p_pf_max_l",
    "p_hill_l"
  ],
  "parameters": {
    "p_b1": 13.999980221854434,
    "p_b2": 11.975432781000336,
    "p_ccl": 1.0342557018413139,
    "p_a1l": 1.2656180050280337,
    "p_a2l": 0.500000612767757,
    "p_pf": 0.13898415476684575,
    "p_pf_scalar_l": -2.0,
    "p_dis_l": -2.3098658437012416,
    "p_m_mult_egg_l": 0.0,
    "p_m_mult_larva_l": 0.0,
    "p_m_mult_pupa_l": 0.0,
    "p_m_mult_adult_l": 0.0,
    "p_m_mult_diapause_l": 0.0,
    "p_pf_max_l": 0.37316560756134165,
    "p_hill_l": 1.677213804566438
  },
  "converted_parameters": {
    "a1": 18.43393301522287,
    "a2": 3.162282121986884,
    "cc": 10.820708603206093,
    "pf_mm": 1.3771592223263307,
    "pf_scalar": 0.01,
    "s_obs": 0.004899301384987593,
    "dis": 0.004899301384987593,
    "m_mult_egg": 1.0,
    "m_mult_larva": 1.0,
    "m_mult_pupa": 1.0,
    "m_mult_adult": 1.0,
    "m_mult_diapause": 1.0,
    "pf_max": 2.3613785153672504,
    "hill": 47.556929261033005
  },
  "stats": {
    "n": 156,
    "k": 9,
    "logL": -765.8692249155779,
    "NLL": 765.8692249155779,
    "AIC": 1549.7384498311558,
    "BIC": 1577.1871538964017,
    "AICc": 1550.9713265434846,
    "R2_Linear": 0.21287192981815428,
    "RMSE_Linear": 9.958567106063533,
    "R2_Log10": 0.11736878895499303,
    "RMSE_Log10": 0.32842202662674713,
    "MAE": 5.129999850971046,
    "Bias": -0.0013628502844175417,
    "Pearson_r_Linear": 0.4752713887940567,
    "Pearson_r_Log10": 0.5055341286779897,
    "Spearman_r_Linear": 0.6287825070587663,
    "Spearman_r_Log10": 0.6287825070587663
  },
  "scipy_result_success": true,
  "scipy_result_message": "Optimization terminated successfully.",
  "csv_path": "./output_paraest/saitama/Culex_pipiens/MRA_mortality/Cx_MRA_mortality_est_week_saitama.csv",
  "param_csv_path": "./output_paraest/saitama/Culex_pipiens/MRA_mortality/Cx_MRA_mortality_params_saitama.csv",
  "source_design": "unified PCMP estimation program (species/integrator/config selectable, DE optimizer)",
  "generated_at": "2026-06-11T03:41:50"
}