{
  "label": "MEA-washout",
  "full_name": "PCMP (adult diapause); Euler integration; threshold washout (original PCMP); s_obs estimated; mortality estimated; Differential Evolution",
  "species": "Culex pipiens",
  "species_code": "Cx",
  "diapause": "adult",
  "integration": "Euler",
  "optimizer": "Differential Evolution",
  "config_key": "MA-washout",
  "flags": {
    "washout_type": "threshold",
    "s_obs_estimated": true,
    "mortality_estimated": true
  },
  "day_length": 50,
  "delta_t": 0.02,
  "DE_MAXITER": 250,
  "DE_POPSIZE": 12,
  "DE_SEEDS": [
    123
  ],
  "n_objective_evaluations": 36144,
  "elapsed_sec": 1800.2677628993988,
  "best_log_likelihood": -4163.713923435725,
  "best_negative_log_likelihood": 4163.713923435725,
  "k_estimated_parameters": 12,
  "active_parameters": [
    "p_b1",
    "p_b2",
    "p_ccl",
    "p_a1l",
    "p_a2l",
    "p_pf",
    "p_dis_l",
    "p_m_mult_egg_l",
    "p_m_mult_larva_l",
    "p_m_mult_pupa_l",
    "p_m_mult_adult_l",
    "p_m_mult_diapause_l"
  ],
  "parameters": {
    "p_b1": 13.985772125162356,
    "p_b2": 12.606160791989144,
    "p_ccl": 1.3019984435015595,
    "p_a1l": 0.9621005853971982,
    "p_a2l": 0.5000029730149588,
    "p_pf": -0.9287038481948082,
    "p_pf_scalar_l": -2.0,
    "p_dis_l": -1.8049240838516625,
    "p_m_mult_egg_l": -1.9995448147546444,
    "p_m_mult_larva_l": -0.8594107955656289,
    "p_m_mult_pupa_l": -1.9935856795251379,
    "p_m_mult_adult_l": 0.33888425338399775,
    "p_m_mult_diapause_l": 0.306256055118997,
    "p_pf_max_l": 0.0,
    "p_hill_l": 0.3010299956639812
  },
  "converted_parameters": {
    "a1": 9.164327172600919,
    "a2": 3.1622993079934356,
    "cc": 20.044648434102093,
    "pf_mm": 0.11784092742426919,
    "pf_scalar": 0.01,
    "s_obs": 0.015670249674472028,
    "dis": 0.015670249674472028,
    "m_mult_egg": 0.010010486522121487,
    "m_mult_larva": 0.13822582937053618,
    "m_mult_pupa": 0.010148791270043079,
    "m_mult_adult": 2.182148255967498,
    "m_mult_diapause": 2.02421227961073,
    "pf_max": 1.0,
    "hill": 2.0
  },
  "stats": {
    "n": 548,
    "k": 12,
    "logL": -4163.713923435725,
    "NLL": 4163.713923435725,
    "AIC": 8351.42784687145,
    "BIC": 8403.103150314826,
    "AICc": 8352.011024441543,
    "R2_Linear": 0.23198101144226257,
    "RMSE_Linear": 20.370554553058813,
    "R2_Log10": 0.4866168500669591,
    "RMSE_Log10": 0.42191477603010336,
    "MAE": 7.999564338784435,
    "Bias": -0.0006795587655820768,
    "Pearson_r_Linear": 0.48167962399445224,
    "Pearson_r_Log10": 0.7785463794750692,
    "Spearman_r_Linear": 0.7930693078529982,
    "Spearman_r_Log10": 0.7930693078529982
  },
  "scipy_result_success": false,
  "scipy_result_message": "Maximum number of iterations has been exceeded.",
  "csv_path": "./output_paraest/tokyo/Culex_pipiens/MEA_washout/Cx_MEA_washout_est_week_tokyo.csv",
  "param_csv_path": "./output_paraest/tokyo/Culex_pipiens/MEA_washout/Cx_MEA_washout_params_tokyo.csv",
  "source_design": "unified PCMP estimation program (species/integrator/config selectable, DE optimizer)",
  "generated_at": "2026-06-10T23:38:31"
}