{
  "label": "MRA-mortality",
  "full_name": "PCMP (adult diapause); RK4 integration; Hill saturating washout; s_obs estimated; mortality fixed (1.0); Differential Evolution",
  "species": "Culex pipiens",
  "species_code": "Cx",
  "diapause": "adult",
  "integration": "RK4",
  "optimizer": "Differential Evolution",
  "config_key": "MA-mortality",
  "flags": {
    "washout_type": "hill",
    "s_obs_estimated": true,
    "mortality_estimated": false
  },
  "day_length": 50,
  "delta_t": 0.02,
  "DE_MAXITER": 250,
  "DE_POPSIZE": 12,
  "DE_SEEDS": [
    123
  ],
  "n_objective_evaluations": 27108,
  "elapsed_sec": 2660.530333042145,
  "best_log_likelihood": -4279.83868806496,
  "best_negative_log_likelihood": 4279.83868806496,
  "k_estimated_parameters": 9,
  "active_parameters": [
    "p_b1",
    "p_b2",
    "p_ccl",
    "p_a1l",
    "p_a2l",
    "p_pf",
    "p_dis_l",
    "p_pf_max_l",
    "p_hill_l"
  ],
  "parameters": {
    "p_b1": 14.071146521838381,
    "p_b2": 12.708735657852479,
    "p_ccl": 0.519655423318842,
    "p_a1l": 1.0182116975580582,
    "p_a2l": 0.5000584595724437,
    "p_pf": -0.9734326566246259,
    "p_pf_scalar_l": -2.0,
    "p_dis_l": -1.5705676921879672,
    "p_m_mult_egg_l": 0.0,
    "p_m_mult_larva_l": 0.0,
    "p_m_mult_pupa_l": 0.0,
    "p_m_mult_adult_l": 0.0,
    "p_m_mult_diapause_l": 0.0,
    "p_pf_max_l": 0.5634536672290804,
    "p_hill_l": 0.14118014393198586
  },
  "converted_parameters": {
    "a1": 10.428256325873077,
    "a2": 3.162703357133037,
    "cc": 3.308685005764598,
    "pf_mm": 0.10630834163053302,
    "pf_scalar": 0.01,
    "s_obs": 0.02688018836917125,
    "dis": 0.02688018836917125,
    "m_mult_egg": 1.0,
    "m_mult_larva": 1.0,
    "m_mult_pupa": 1.0,
    "m_mult_adult": 1.0,
    "m_mult_diapause": 1.0,
    "pf_max": 3.659768941762651,
    "hill": 1.38414039682695
  },
  "stats": {
    "n": 548,
    "k": 9,
    "logL": -4279.83868806496,
    "NLL": 4279.83868806496,
    "AIC": 8577.67737612992,
    "BIC": 8616.433853712451,
    "AICc": 8578.011948620626,
    "R2_Linear": 0.2198838063632086,
    "RMSE_Linear": 20.530357871361222,
    "R2_Log10": 0.4127357762514846,
    "RMSE_Log10": 0.45125362349566445,
    "MAE": 8.275897096945084,
    "Bias": 0.005650925251348867,
    "Pearson_r_Linear": 0.4690225793564781,
    "Pearson_r_Log10": 0.748424890723894,
    "Spearman_r_Linear": 0.7754217150304582,
    "Spearman_r_Log10": 0.7754217150304582
  },
  "scipy_result_success": false,
  "scipy_result_message": "Maximum number of iterations has been exceeded.",
  "csv_path": "./output_paraest/tokyo/Culex_pipiens/MRA_mortality/Cx_MRA_mortality_est_week_tokyo.csv",
  "param_csv_path": "./output_paraest/tokyo/Culex_pipiens/MRA_mortality/Cx_MRA_mortality_params_tokyo.csv",
  "source_design": "unified PCMP estimation program (species/integrator/config selectable, DE optimizer)",
  "generated_at": "2026-06-11T03:08:12"
}