{
  "label": "MRM",
  "full_name": "PCMP (adult diapause); RK4 integration; threshold washout (original PCMP); s_obs fixed (0.01); mortality estimated; Differential Evolution",
  "species": "Culex pipiens",
  "species_code": "Cx",
  "diapause": "adult",
  "integration": "RK4",
  "optimizer": "Differential Evolution",
  "config_key": "MM",
  "flags": {
    "washout_type": "threshold",
    "s_obs_estimated": false,
    "mortality_estimated": true
  },
  "day_length": 50,
  "delta_t": 0.02,
  "DE_MAXITER": 250,
  "DE_POPSIZE": 12,
  "DE_SEEDS": [
    123
  ],
  "n_objective_evaluations": 28380,
  "elapsed_sec": 2639.6831369400024,
  "best_log_likelihood": -4166.824228108749,
  "best_negative_log_likelihood": 4166.824228108749,
  "k_estimated_parameters": 11,
  "active_parameters": [
    "p_b1",
    "p_b2",
    "p_ccl",
    "p_a1l",
    "p_a2l",
    "p_pf",
    "p_m_mult_egg_l",
    "p_m_mult_larva_l",
    "p_m_mult_pupa_l",
    "p_m_mult_adult_l",
    "p_m_mult_diapause_l"
  ],
  "parameters": {
    "p_b1": 13.984593827255285,
    "p_b2": 12.60761209936862,
    "p_ccl": 1.469727800277575,
    "p_a1l": 0.9725541873444981,
    "p_a2l": 0.5000016813407108,
    "p_pf": -0.8922945990959112,
    "p_pf_scalar_l": -2.0,
    "p_dis_l": -2.0,
    "p_m_mult_egg_l": -1.999208334184334,
    "p_m_mult_larva_l": -0.7233397442850218,
    "p_m_mult_pupa_l": -1.9863864332584669,
    "p_m_mult_adult_l": 0.321367996202513,
    "p_m_mult_diapause_l": 0.3022272465852972,
    "p_pf_max_l": 0.0,
    "p_hill_l": 0.3010299956639812
  },
  "converted_parameters": {
    "a1": 9.387591592576987,
    "a2": 3.162289902728859,
    "cc": 29.49360097392925,
    "pf_mm": 0.12814610221488185,
    "pf_scalar": 0.01,
    "s_obs": 0.01,
    "dis": 0.01,
    "m_mult_egg": 0.010018245403577104,
    "m_mult_larva": 0.18908638358021007,
    "m_mult_pupa": 0.01031842868066831,
    "m_mult_adult": 2.095887638469177,
    "m_mult_diapause": 2.0055211510289825,
    "pf_max": 1.0,
    "hill": 2.0
  },
  "stats": {
    "n": 548,
    "k": 11,
    "logL": -4166.824228108749,
    "NLL": 4166.824228108749,
    "AIC": 8355.648456217497,
    "BIC": 8403.017484373926,
    "AICc": 8356.14099353093,
    "R2_Linear": 0.23153541307954428,
    "RMSE_Linear": 20.376463111089745,
    "R2_Log10": 0.4849998411957125,
    "RMSE_Log10": 0.42257870857780266,
    "MAE": 8.002606117438681,
    "Bias": 0.0036796522651627583,
    "Pearson_r_Linear": 0.4812129861692861,
    "Pearson_r_Log10": 0.7780098602736099,
    "Spearman_r_Linear": 0.7929117247286729,
    "Spearman_r_Log10": 0.7929117247286729
  },
  "scipy_result_success": true,
  "scipy_result_message": "Optimization terminated successfully.",
  "csv_path": "./output_paraest/tokyo/Culex_pipiens/MRM/Cx_MRM_est_week_tokyo.csv",
  "param_csv_path": "./output_paraest/tokyo/Culex_pipiens/MRM/Cx_MRM_params_tokyo.csv",
  "source_design": "unified PCMP estimation program (species/integrator/config selectable, DE optimizer)",
  "generated_at": "2026-06-10T22:37:17"
}