{
  "label": "MRS",
  "full_name": "PCMP (adult diapause); RK4 integration; threshold washout (original PCMP); s_obs estimated; mortality fixed (1.0); Differential Evolution",
  "species": "Culex pipiens",
  "species_code": "Cx",
  "diapause": "adult",
  "integration": "RK4",
  "optimizer": "Differential Evolution",
  "config_key": "MS",
  "flags": {
    "washout_type": "threshold",
    "s_obs_estimated": true,
    "mortality_estimated": false
  },
  "day_length": 50,
  "delta_t": 0.02,
  "DE_MAXITER": 250,
  "DE_POPSIZE": 12,
  "DE_SEEDS": [
    123
  ],
  "n_objective_evaluations": 21084,
  "elapsed_sec": 3386.6285059452057,
  "best_log_likelihood": -4276.5445167191365,
  "best_negative_log_likelihood": 4276.5445167191365,
  "k_estimated_parameters": 7,
  "active_parameters": [
    "p_b1",
    "p_b2",
    "p_ccl",
    "p_a1l",
    "p_a2l",
    "p_pf",
    "p_dis_l"
  ],
  "parameters": {
    "p_b1": 14.06135945245057,
    "p_b2": 12.729641543344464,
    "p_ccl": 1.7605179980814945,
    "p_a1l": 1.011856249911523,
    "p_a2l": 0.5000301624032831,
    "p_pf": -0.939150866730952,
    "p_pf_scalar_l": -2.0,
    "p_dis_l": -2.8071030900213603,
    "p_m_mult_egg_l": 0.0,
    "p_m_mult_larva_l": 0.0,
    "p_m_mult_pupa_l": 0.0,
    "p_m_mult_adult_l": 0.0,
    "p_m_mult_diapause_l": 0.0,
    "p_pf_max_l": 0.0,
    "p_hill_l": 0.3010299956639812
  },
  "converted_parameters": {
    "a1": 10.276760843182469,
    "a2": 3.1624972927226445,
    "cc": 57.61266939733462,
    "pf_mm": 0.1150400689322501,
    "pf_scalar": 0.01,
    "s_obs": 0.0015591823502524812,
    "dis": 0.0015591823502524812,
    "m_mult_egg": 1.0,
    "m_mult_larva": 1.0,
    "m_mult_pupa": 1.0,
    "m_mult_adult": 1.0,
    "m_mult_diapause": 1.0,
    "pf_max": 1.0,
    "hill": 2.0
  },
  "stats": {
    "n": 548,
    "k": 7,
    "logL": -4276.5445167191365,
    "NLL": 4276.5445167191365,
    "AIC": 8567.089033438273,
    "BIC": 8597.232960446909,
    "AICc": 8567.296440845681,
    "R2_Linear": 0.2208247808437721,
    "RMSE_Linear": 20.517972298542933,
    "R2_Log10": 0.4154957035557595,
    "RMSE_Log10": 0.45019201114303314,
    "MAE": 8.27489090554669,
    "Bias": 0.019226601187641208,
    "Pearson_r_Linear": 0.4699818776377743,
    "Pearson_r_Log10": 0.7492804685318454,
    "Spearman_r_Linear": 0.7754217150304582,
    "Spearman_r_Log10": 0.7754217150304582
  },
  "scipy_result_success": false,
  "scipy_result_message": "Maximum number of iterations has been exceeded.",
  "csv_path": "./output_paraest/tokyo/Culex_pipiens/MRS/Cx_MRS_est_week_tokyo.csv",
  "param_csv_path": "./output_paraest/tokyo/Culex_pipiens/MRS/Cx_MRS_params_tokyo.csv",
  "source_design": "unified PCMP estimation program (species/integrator/config selectable, DE optimizer)",
  "generated_at": "2026-06-10T21:53:15"
}