{
  "label": "MEM",
  "full_name": "PCMP (adult diapause); Euler integration; threshold washout (original PCMP); s_obs fixed (0.01); mortality estimated; Differential Evolution",
  "species": "Culex pipiens",
  "species_code": "Cx",
  "diapause": "adult",
  "integration": "Euler",
  "optimizer": "Differential Evolution",
  "config_key": "MM",
  "flags": {
    "washout_type": "threshold",
    "s_obs_estimated": false,
    "mortality_estimated": true
  },
  "day_length": 50,
  "delta_t": 0.02,
  "DE_MAXITER": 250,
  "DE_POPSIZE": 12,
  "DE_SEEDS": [
    123
  ],
  "n_objective_evaluations": 22968,
  "elapsed_sec": 350.0199429988861,
  "best_log_likelihood": -4163.711342504845,
  "best_negative_log_likelihood": 4163.711342504845,
  "k_estimated_parameters": 11,
  "active_parameters": [
    "p_b1",
    "p_b2",
    "p_ccl",
    "p_a1l",
    "p_a2l",
    "p_pf",
    "p_m_mult_egg_l",
    "p_m_mult_larva_l",
    "p_m_mult_pupa_l",
    "p_m_mult_adult_l",
    "p_m_mult_diapause_l"
  ],
  "parameters": {
    "p_b1": 13.987892303399667,
    "p_b2": 12.607090847164182,
    "p_ccl": 1.4976900049152577,
    "p_a1l": 0.9630885075143383,
    "p_a2l": 0.5000003099741173,
    "p_pf": -0.9876819632808618,
    "p_pf_scalar_l": -2.0,
    "p_dis_l": -2.0,
    "p_m_mult_egg_l": -1.999710069978952,
    "p_m_mult_larva_l": -0.6836807783682805,
    "p_m_mult_pupa_l": -1.9858831717516652,
    "p_m_mult_adult_l": 0.33907853810957533,
    "p_m_mult_diapause_l": 0.3059107686247321,
    "p_pf_max_l": 0.0,
    "p_hill_l": 0.3010299956639812
  },
  "converted_parameters": {
    "a1": 9.185197681415355,
    "a2": 3.162279917218876,
    "cc": 31.455022843323142,
    "pf_mm": 0.10287693969712249,
    "pf_scalar": 0.01,
    "s_obs": 0.01,
    "dis": 0.01,
    "m_mult_egg": 0.010006678114313048,
    "m_mult_larva": 0.20716635344377107,
    "m_mult_pupa": 0.010330392631624934,
    "m_mult_adult": 2.1831246738987016,
    "m_mult_diapause": 2.0226035661214627,
    "pf_max": 1.0,
    "hill": 2.0
  },
  "stats": {
    "n": 548,
    "k": 11,
    "logL": -4163.711342504845,
    "NLL": 4163.711342504845,
    "AIC": 8349.42268500969,
    "BIC": 8396.791713166118,
    "AICc": 8349.915222323121,
    "R2_Linear": 0.23197133198621167,
    "RMSE_Linear": 20.37068291919898,
    "R2_Log10": 0.4865207107989138,
    "RMSE_Log10": 0.42195427935128654,
    "MAE": 8.000772458182897,
    "Bias": 0.0006851466307779427,
    "Pearson_r_Linear": 0.48167124501594794,
    "Pearson_r_Log10": 0.7785166989978995,
    "Spearman_r_Linear": 0.7930529173348664,
    "Spearman_r_Log10": 0.7930529173348664
  },
  "scipy_result_success": true,
  "scipy_result_message": "Optimization terminated successfully.",
  "csv_path": "./output_paraest/tokyo/Culex_pipiens/MEM/Cx_MEM_est_week_tokyo.csv",
  "param_csv_path": "./output_paraest/tokyo/Culex_pipiens/MEM/Cx_MEM_params_tokyo.csv",
  "source_design": "unified PCMP estimation program (species/integrator/config selectable, DE optimizer)",
  "generated_at": "2026-06-10T22:35:29"
}