{
  "label": "MEW",
  "full_name": "PCMP (adult diapause); Euler integration; Hill saturating washout; s_obs fixed (0.01); mortality fixed (1.0); Differential Evolution",
  "species": "Culex pipiens",
  "species_code": "Cx",
  "diapause": "adult",
  "integration": "Euler",
  "optimizer": "Differential Evolution",
  "config_key": "MW",
  "flags": {
    "washout_type": "hill",
    "s_obs_estimated": false,
    "mortality_estimated": false
  },
  "day_length": 50,
  "delta_t": 0.02,
  "DE_MAXITER": 250,
  "DE_POPSIZE": 12,
  "DE_SEEDS": [
    123
  ],
  "n_objective_evaluations": 24096,
  "elapsed_sec": 360.3620250225067,
  "best_log_likelihood": -4312.276650826784,
  "best_negative_log_likelihood": 4312.276650826784,
  "k_estimated_parameters": 8,
  "active_parameters": [
    "p_b1",
    "p_b2",
    "p_ccl",
    "p_a1l",
    "p_a2l",
    "p_pf",
    "p_pf_max_l",
    "p_hill_l"
  ],
  "parameters": {
    "p_b1": 14.090886388137012,
    "p_b2": 12.726285706500413,
    "p_ccl": 0.9686769586581132,
    "p_a1l": 1.0311789867399836,
    "p_a2l": 0.5000175824988033,
    "p_pf": -0.9385247142954127,
    "p_pf_scalar_l": -2.0,
    "p_dis_l": -2.0,
    "p_m_mult_egg_l": 0.0,
    "p_m_mult_larva_l": 0.0,
    "p_m_mult_pupa_l": 0.0,
    "p_m_mult_adult_l": 0.0,
    "p_m_mult_diapause_l": 0.0,
    "p_pf_max_l": 0.8044250004198201,
    "p_hill_l": 0.0198609385532601
  },
  "converted_parameters": {
    "a1": 10.744321291824763,
    "a2": 3.162405688202378,
    "cc": 9.304155468502325,
    "pf_mm": 0.11520604979206579,
    "pf_scalar": 0.01,
    "s_obs": 0.01,
    "dis": 0.01,
    "m_mult_egg": 1.0,
    "m_mult_larva": 1.0,
    "m_mult_pupa": 1.0,
    "m_mult_adult": 1.0,
    "m_mult_diapause": 1.0,
    "pf_max": 6.374189937852301,
    "hill": 1.0467933103117275
  },
  "stats": {
    "n": 548,
    "k": 8,
    "logL": -4312.276650826784,
    "NLL": 4312.276650826784,
    "AIC": 8640.553301653568,
    "BIC": 8675.003503949152,
    "AICc": 8640.820463063586,
    "R2_Linear": 0.21554293918177825,
    "RMSE_Linear": 20.587398045162498,
    "R2_Log10": 0.4106672933698179,
    "RMSE_Log10": 0.4520476356960506,
    "MAE": 8.317835245970022,
    "Bias": 0.0054625880115432715,
    "Pearson_r_Linear": 0.4642792989129658,
    "Pearson_r_Log10": 0.7468892631304109,
    "Spearman_r_Linear": 0.7735082000886443,
    "Spearman_r_Log10": 0.7735082000886443
  },
  "scipy_result_success": false,
  "scipy_result_message": "Maximum number of iterations has been exceeded.",
  "csv_path": "./output_paraest/tokyo/Culex_pipiens/MEW/Cx_MEW_est_week_tokyo.csv",
  "param_csv_path": "./output_paraest/tokyo/Culex_pipiens/MEW/Cx_MEW_params_tokyo.csv",
  "source_design": "unified PCMP estimation program (species/integrator/config selectable, DE optimizer)",
  "generated_at": "2026-06-10T22:23:48"
}