{
  "label": "MEA-mortality",
  "full_name": "PCMP (adult diapause); Euler integration; Hill saturating washout; s_obs estimated; mortality fixed (1.0); Differential Evolution",
  "species": "Culex pipiens",
  "species_code": "Cx",
  "diapause": "adult",
  "integration": "Euler",
  "optimizer": "Differential Evolution",
  "config_key": "MA-mortality",
  "flags": {
    "washout_type": "hill",
    "s_obs_estimated": true,
    "mortality_estimated": false
  },
  "day_length": 50,
  "delta_t": 0.02,
  "DE_MAXITER": 250,
  "DE_POPSIZE": 12,
  "DE_SEEDS": [
    123
  ],
  "n_objective_evaluations": 27108,
  "elapsed_sec": 415.8089349269867,
  "best_log_likelihood": -771.1987616803364,
  "best_negative_log_likelihood": 771.1987616803364,
  "k_estimated_parameters": 9,
  "active_parameters": [
    "p_b1",
    "p_b2",
    "p_ccl",
    "p_a1l",
    "p_a2l",
    "p_pf",
    "p_dis_l",
    "p_pf_max_l",
    "p_hill_l"
  ],
  "parameters": {
    "p_b1": 13.999934146977328,
    "p_b2": 11.981903875758231,
    "p_ccl": 1.662718876777125,
    "p_a1l": 1.2863229252694084,
    "p_a2l": 0.5000325505750898,
    "p_pf": 0.14072978501976008,
    "p_pf_scalar_l": -2.0,
    "p_dis_l": -2.919851152912102,
    "p_m_mult_egg_l": 0.0,
    "p_m_mult_larva_l": 0.0,
    "p_m_mult_pupa_l": 0.0,
    "p_m_mult_adult_l": 0.0,
    "p_m_mult_diapause_l": 0.0,
    "p_pf_max_l": 0.8489672777477617,
    "p_hill_l": 1.4801309154697213
  },
  "converted_parameters": {
    "a1": 19.334053912149592,
    "a2": 3.162514683244407,
    "cc": 45.99587412385705,
    "pf_mm": 1.3827058014263622,
    "pf_scalar": 0.01,
    "s_obs": 0.0012026765610375976,
    "dis": 0.0012026765610375976,
    "m_mult_egg": 1.0,
    "m_mult_larva": 1.0,
    "m_mult_pupa": 1.0,
    "m_mult_adult": 1.0,
    "m_mult_diapause": 1.0,
    "pf_max": 7.062643382276478,
    "hill": 30.208622039786842
  },
  "stats": {
    "n": 156,
    "k": 9,
    "logL": -771.1987616803364,
    "NLL": 771.1987616803364,
    "AIC": 1560.3975233606727,
    "BIC": 1587.8462274259186,
    "AICc": 1561.6304000730015,
    "R2_Linear": 0.209052308354711,
    "RMSE_Linear": 9.982700359554922,
    "R2_Log10": 0.10514055891622376,
    "RMSE_Log10": 0.3306892282574188,
    "MAE": 5.196080253992166,
    "Bias": -0.010160236785736423,
    "Pearson_r_Linear": 0.46922213119671563,
    "Pearson_r_Log10": 0.49640788398125185,
    "Spearman_r_Linear": 0.6018345026494668,
    "Spearman_r_Log10": 0.6018345026494668
  },
  "scipy_result_success": false,
  "scipy_result_message": "Maximum number of iterations has been exceeded.",
  "csv_path": "./output_paraest/saitama/Culex_pipiens/MEA_mortality/Cx_MEA_mortality_est_week_saitama.csv",
  "param_csv_path": "./output_paraest/saitama/Culex_pipiens/MEA_mortality/Cx_MEA_mortality_params_saitama.csv",
  "source_design": "unified PCMP estimation program (species/integrator/config selectable, DE optimizer)",
  "generated_at": "2026-06-11T01:36:39"
}