{
  "label": "MRM",
  "full_name": "PCMP (adult diapause); RK4 integration; threshold washout (original PCMP); s_obs fixed (0.01); mortality estimated; Differential Evolution",
  "species": "Culex pipiens",
  "species_code": "Cx",
  "diapause": "adult",
  "integration": "RK4",
  "optimizer": "Differential Evolution",
  "config_key": "MM",
  "flags": {
    "washout_type": "threshold",
    "s_obs_estimated": false,
    "mortality_estimated": true
  },
  "day_length": 50,
  "delta_t": 0.02,
  "DE_MAXITER": 250,
  "DE_POPSIZE": 12,
  "DE_SEEDS": [
    123
  ],
  "n_objective_evaluations": 12096,
  "elapsed_sec": 142.12636494636536,
  "best_log_likelihood": -778.5598733057041,
  "best_negative_log_likelihood": 778.5598733057041,
  "k_estimated_parameters": 7,
  "active_parameters": [
    "p_ccl",
    "p_pf",
    "p_m_mult_egg_l",
    "p_m_mult_larva_l",
    "p_m_mult_pupa_l",
    "p_m_mult_adult_l",
    "p_m_mult_diapause_l"
  ],
  "parameters": {
    "p_b1": 13.988,
    "p_b2": 12.607,
    "p_ccl": 1.8022635087161687,
    "p_a1l": 0.9630791606418272,
    "p_a2l": 0.4999618655961902,
    "p_pf": 0.657358135451908,
    "p_pf_scalar_l": -2.0,
    "p_dis_l": -2.0,
    "p_m_mult_egg_l": -1.4148807269162615,
    "p_m_mult_larva_l": -1.9875475111175775,
    "p_m_mult_pupa_l": 0.9999917504568829,
    "p_m_mult_adult_l": 0.5036206114376895,
    "p_m_mult_diapause_l": 0.6030107402836928,
    "p_pf_max_l": 0.0,
    "p_hill_l": 0.3010299956639812
  },
  "converted_parameters": {
    "a1": 9.185000000000002,
    "a2": 3.162,
    "cc": 63.42544291935635,
    "pf_mm": 4.5431610825195925,
    "pf_scalar": 0.01,
    "s_obs": 0.01,
    "dis": 0.01,
    "m_mult_egg": 0.038469741946258684,
    "m_mult_larva": 0.010290879404711642,
    "m_mult_pupa": 9.999810049054037,
    "m_mult_adult": 3.188751026608937,
    "m_mult_diapause": 4.008766313510263,
    "pf_max": 1.0,
    "hill": 2.0
  },
  "stats": {
    "n": 156,
    "k": 7,
    "logL": -778.5598733057041,
    "NLL": 778.5598733057041,
    "AIC": 1571.1197466114081,
    "BIC": 1592.468738662155,
    "AICc": 1571.8765033681648,
    "R2_Linear": 0.30405954760563225,
    "RMSE_Linear": 9.363973902557907,
    "R2_Log10": 0.052077292961457355,
    "RMSE_Log10": 0.34035262128762434,
    "MAE": 5.183105483187371,
    "Bias": 0.0004554510486002163,
    "Pearson_r_Linear": 0.551499015010828,
    "Pearson_r_Log10": 0.5545171791162568,
    "Spearman_r_Linear": 0.6143566372091946,
    "Spearman_r_Log10": 0.6143566372091946
  },
  "scipy_result_success": true,
  "scipy_result_message": "Optimization terminated successfully.",
  "csv_path": "./output_paraest/saitama/Culex_pipiens/MRM/Cx_MRM_est_week_saitama.csv",
  "param_csv_path": "./output_paraest/saitama/Culex_pipiens/MRM/Cx_MRM_params_saitama.csv",
  "source_design": "unified PCMP estimation program (species/integrator/config selectable, DE optimizer)",
  "generated_at": "2026-06-22T01:24:36"
}