{
  "label": "MEA-mortality",
  "full_name": "PCMP (adult diapause); Euler integration; Hill saturating washout; s_obs estimated; mortality fixed (1.0); Differential Evolution",
  "species": "Culex pipiens",
  "species_code": "Cx",
  "diapause": "adult",
  "integration": "Euler",
  "optimizer": "Differential Evolution",
  "config_key": "MA-mortality",
  "flags": {
    "washout_type": "hill",
    "s_obs_estimated": true,
    "mortality_estimated": false
  },
  "day_length": 50,
  "delta_t": 0.02,
  "DE_MAXITER": 250,
  "DE_POPSIZE": 12,
  "DE_SEEDS": [
    123
  ],
  "n_objective_evaluations": 27108,
  "elapsed_sec": 1319.6931688785553,
  "best_log_likelihood": -4312.4637561552245,
  "best_negative_log_likelihood": 4312.4637561552245,
  "k_estimated_parameters": 9,
  "active_parameters": [
    "p_b1",
    "p_b2",
    "p_ccl",
    "p_a1l",
    "p_a2l",
    "p_pf",
    "p_dis_l",
    "p_pf_max_l",
    "p_hill_l"
  ],
  "parameters": {
    "p_b1": 14.083623862724766,
    "p_b2": 12.727271338950684,
    "p_ccl": 0.053585253657625564,
    "p_a1l": 1.0201017773507914,
    "p_a2l": 0.5000143171866258,
    "p_pf": -0.9303992788579047,
    "p_pf_scalar_l": -2.0,
    "p_dis_l": -1.0855941186256644,
    "p_m_mult_egg_l": 0.0,
    "p_m_mult_larva_l": 0.0,
    "p_m_mult_pupa_l": 0.0,
    "p_m_mult_adult_l": 0.0,
    "p_m_mult_diapause_l": 0.0,
    "p_pf_max_l": 0.9470316528989826,
    "p_hill_l": 0.1566765235726426
  },
  "converted_parameters": {
    "a1": 10.473739724411104,
    "a2": 3.162381911241319,
    "cc": 1.1313194498456756,
    "pf_mm": 0.11738178815956758,
    "pf_scalar": 0.01,
    "s_obs": 0.08211185838972597,
    "dis": 0.08211185838972597,
    "m_mult_egg": 1.0,
    "m_mult_larva": 1.0,
    "m_mult_pupa": 1.0,
    "m_mult_adult": 1.0,
    "m_mult_diapause": 1.0,
    "pf_max": 8.85180122499422,
    "hill": 1.4344206329764253
  },
  "stats": {
    "n": 548,
    "k": 9,
    "logL": -4312.4637561552245,
    "NLL": 4312.4637561552245,
    "AIC": 8642.927512310449,
    "BIC": 8681.683989892981,
    "AICc": 8643.262084801156,
    "R2_Linear": 0.21557061310627912,
    "RMSE_Linear": 20.58703490283613,
    "R2_Log10": 0.41093300726901505,
    "RMSE_Log10": 0.4519457162872171,
    "MAE": 8.316575406402398,
    "Bias": 0.006357466325402125,
    "Pearson_r_Linear": 0.4643088694594775,
    "Pearson_r_Log10": 0.7469905119879803,
    "Spearman_r_Linear": 0.7736156360324947,
    "Spearman_r_Log10": 0.7736156360324947
  },
  "scipy_result_success": false,
  "scipy_result_message": "Maximum number of iterations has been exceeded.",
  "csv_path": "./output_paraest/tokyo/Culex_pipiens/MEA_mortality/Cx_MEA_mortality_est_week_tokyo.csv",
  "param_csv_path": "./output_paraest/tokyo/Culex_pipiens/MEA_mortality/Cx_MEA_mortality_params_tokyo.csv",
  "source_design": "unified PCMP estimation program (species/integrator/config selectable, DE optimizer)",
  "generated_at": "2026-06-11T00:10:18"
}