{
  "label": "MRA-s_obs",
  "full_name": "PCMP (adult diapause); RK4 integration; Hill saturating washout; s_obs fixed (0.01); mortality estimated; Differential Evolution",
  "species": "Culex pipiens",
  "species_code": "Cx",
  "diapause": "adult",
  "integration": "RK4",
  "optimizer": "Differential Evolution",
  "config_key": "MA-s_obs",
  "flags": {
    "washout_type": "hill",
    "s_obs_estimated": false,
    "mortality_estimated": true
  },
  "day_length": 50,
  "delta_t": 0.02,
  "DE_MAXITER": 250,
  "DE_POPSIZE": 12,
  "DE_SEEDS": [
    123
  ],
  "n_objective_evaluations": 38532,
  "elapsed_sec": 2725.8933210372925,
  "best_log_likelihood": -4171.468959318229,
  "best_negative_log_likelihood": 4171.468959318229,
  "k_estimated_parameters": 13,
  "active_parameters": [
    "p_b1",
    "p_b2",
    "p_ccl",
    "p_a1l",
    "p_a2l",
    "p_pf",
    "p_m_mult_egg_l",
    "p_m_mult_larva_l",
    "p_m_mult_pupa_l",
    "p_m_mult_adult_l",
    "p_m_mult_diapause_l",
    "p_pf_max_l",
    "p_hill_l"
  ],
  "parameters": {
    "p_b1": 13.98945197650915,
    "p_b2": 12.60984397074178,
    "p_ccl": 1.4643232332432397,
    "p_a1l": 0.9738835112948849,
    "p_a2l": 0.5000026236450561,
    "p_pf": -0.954367681236193,
    "p_pf_scalar_l": -2.0,
    "p_dis_l": -2.0,
    "p_m_mult_egg_l": -1.9994391238121823,
    "p_m_mult_larva_l": -0.5940267013424791,
    "p_m_mult_pupa_l": -1.9994780882992176,
    "p_m_mult_adult_l": 0.31912740319177946,
    "p_m_mult_diapause_l": 0.3013900154790743,
    "p_pf_max_l": 0.8718819194140852,
    "p_hill_l": 0.0874527686442238
  },
  "converted_parameters": {
    "a1": 9.416369919179425,
    "a2": 3.162296764070353,
    "cc": 29.128842898382437,
    "pf_mm": 0.11107909142416572,
    "pf_scalar": 0.01,
    "s_obs": 0.01,
    "dis": 0.01,
    "m_mult_egg": 0.010012922994493181,
    "m_mult_larva": 0.25466736728927386,
    "m_mult_pupa": 0.010012024684882737,
    "m_mult_adult": 2.0851024721459717,
    "m_mult_diapause": 2.001658639910401,
    "pf_max": 7.4452951580954725,
    "hill": 1.2230740973524876
  },
  "stats": {
    "n": 548,
    "k": 13,
    "logL": -4171.468959318229,
    "NLL": 4171.468959318229,
    "AIC": 8368.937918636459,
    "BIC": 8424.919497366784,
    "AICc": 8369.619566576534,
    "R2_Linear": 0.23066993719481432,
    "RMSE_Linear": 20.387934280435395,
    "R2_Log10": 0.4847768940529601,
    "RMSE_Log10": 0.42267016730837464,
    "MAE": 8.005242576073911,
    "Bias": -0.003308452471973285,
    "Pearson_r_Linear": 0.4803199459245798,
    "Pearson_r_Log10": 0.7777490787655355,
    "Spearman_r_Linear": 0.7928572847934491,
    "Spearman_r_Log10": 0.7928572847934491
  },
  "scipy_result_success": true,
  "scipy_result_message": "Optimization terminated successfully.",
  "csv_path": "./output_paraest/tokyo/Culex_pipiens/MRA_s_obs/Cx_MRA_s_obs_est_week_tokyo.csv",
  "param_csv_path": "./output_paraest/tokyo/Culex_pipiens/MRA_s_obs/Cx_MRA_s_obs_params_tokyo.csv",
  "source_design": "unified PCMP estimation program (species/integrator/config selectable, DE optimizer)",
  "generated_at": "2026-06-11T02:23:49"
}