{
  "label": "MEA-s_obs",
  "full_name": "PCMP (adult diapause); Euler integration; Hill saturating washout; s_obs fixed (0.01); mortality estimated; Differential Evolution",
  "species": "Culex pipiens",
  "species_code": "Cx",
  "diapause": "adult",
  "integration": "Euler",
  "optimizer": "Differential Evolution",
  "config_key": "MA-s_obs",
  "flags": {
    "washout_type": "hill",
    "s_obs_estimated": false,
    "mortality_estimated": true
  },
  "day_length": 50,
  "delta_t": 0.02,
  "DE_MAXITER": 250,
  "DE_POPSIZE": 12,
  "DE_SEEDS": [
    123
  ],
  "n_objective_evaluations": 39156,
  "elapsed_sec": 561.6104230880737,
  "best_log_likelihood": -729.025115319965,
  "best_negative_log_likelihood": 729.025115319965,
  "k_estimated_parameters": 13,
  "active_parameters": [
    "p_b1",
    "p_b2",
    "p_ccl",
    "p_a1l",
    "p_a2l",
    "p_pf",
    "p_m_mult_egg_l",
    "p_m_mult_larva_l",
    "p_m_mult_pupa_l",
    "p_m_mult_adult_l",
    "p_m_mult_diapause_l",
    "p_pf_max_l",
    "p_hill_l"
  ],
  "parameters": {
    "p_b1": 13.48201475228262,
    "p_b2": 11.828085352601082,
    "p_ccl": 1.9083431569543814,
    "p_a1l": 1.4966427931673991,
    "p_a2l": 0.5000305809215961,
    "p_pf": -0.8185585037353316,
    "p_pf_scalar_l": -2.0,
    "p_dis_l": -2.0,
    "p_m_mult_egg_l": 0.9984032827656071,
    "p_m_mult_larva_l": -1.6778242959551442,
    "p_m_mult_pupa_l": 0.999329970388021,
    "p_m_mult_adult_l": 0.48981044370210836,
    "p_m_mult_diapause_l": 0.7549880844285588,
    "p_pf_max_l": 0.5338335888170782,
    "p_hill_l": 1.5306210946914143
  },
  "converted_parameters": {
    "a1": 31.379266902079042,
    "a2": 3.1625003403406198,
    "cc": 80.9735457395473,
    "pf_mm": 0.15185933588009656,
    "pf_scalar": 0.01,
    "s_obs": 0.01,
    "dis": 0.01,
    "m_mult_egg": 9.963301730334441,
    "m_mult_larva": 0.020997892309090133,
    "m_mult_pupa": 9.984583893080144,
    "m_mult_adult": 3.088946907109876,
    "m_mult_diapause": 5.688373236578542,
    "pf_max": 3.418484293320795,
    "hill": 33.93290917645601
  },
  "stats": {
    "n": 156,
    "k": 13,
    "logL": -729.025115319965,
    "NLL": 729.025115319965,
    "AIC": 1484.05023063993,
    "BIC": 1523.698358734174,
    "AICc": 1486.6136109216202,
    "R2_Linear": 0.260274405650196,
    "RMSE_Linear": 9.654048511427288,
    "R2_Log10": 0.13134457454932524,
    "RMSE_Log10": 0.3258114965064633,
    "MAE": 5.251863900145823,
    "Bias": 0.031106119771174407,
    "Pearson_r_Linear": 0.5145162936154628,
    "Pearson_r_Log10": 0.5171507445871751,
    "Spearman_r_Linear": 0.5362603325986276,
    "Spearman_r_Log10": 0.5362603325986276
  },
  "scipy_result_success": false,
  "scipy_result_message": "Maximum number of iterations has been exceeded.",
  "csv_path": "./output_paraest/saitama/Culex_pipiens/MEA_s_obs/Cx_MEA_s_obs_est_week_saitama.csv",
  "param_csv_path": "./output_paraest/saitama/Culex_pipiens/MEA_s_obs/Cx_MEA_s_obs_params_saitama.csv",
  "source_design": "unified PCMP estimation program (species/integrator/config selectable, DE optimizer)",
  "generated_at": "2026-06-11T01:29:42"
}