{
  "label": "MEA",
  "full_name": "PCMP (adult diapause); Euler integration; Hill saturating washout; s_obs estimated; mortality estimated; Differential Evolution",
  "species": "Culex pipiens",
  "species_code": "Cx",
  "diapause": "adult",
  "integration": "Euler",
  "optimizer": "Differential Evolution",
  "config_key": "MA",
  "flags": {
    "washout_type": "hill",
    "s_obs_estimated": true,
    "mortality_estimated": true
  },
  "day_length": 50,
  "delta_t": 0.02,
  "DE_MAXITER": 250,
  "DE_POPSIZE": 12,
  "DE_SEEDS": [
    123
  ],
  "n_objective_evaluations": 42168,
  "elapsed_sec": 1982.0879361629486,
  "best_log_likelihood": -4168.524282114068,
  "best_negative_log_likelihood": 4168.524282114068,
  "k_estimated_parameters": 14,
  "active_parameters": [
    "p_b1",
    "p_b2",
    "p_ccl",
    "p_a1l",
    "p_a2l",
    "p_pf",
    "p_dis_l",
    "p_m_mult_egg_l",
    "p_m_mult_larva_l",
    "p_m_mult_pupa_l",
    "p_m_mult_adult_l",
    "p_m_mult_diapause_l",
    "p_pf_max_l",
    "p_hill_l"
  ],
  "parameters": {
    "p_b1": 13.99499123653813,
    "p_b2": 12.609982397706084,
    "p_ccl": 2.408518917943651,
    "p_a1l": 0.9583738695105839,
    "p_a2l": 0.5000244055247473,
    "p_pf": -0.9861679832228434,
    "p_pf_scalar_l": -2.0,
    "p_dis_l": -2.9124768451189778,
    "p_m_mult_egg_l": -1.9880843252829599,
    "p_m_mult_larva_l": -1.2290397958142432,
    "p_m_mult_pupa_l": -1.9726686749448958,
    "p_m_mult_adult_l": 0.3383274550936002,
    "p_m_mult_diapause_l": 0.30561204924429586,
    "p_pf_max_l": 0.6014584817658879,
    "p_hill_l": 0.06342925845416769
  },
  "converted_parameters": {
    "a1": 9.086023788204765,
    "a2": 3.1624553718765918,
    "cc": 256.1644847355579,
    "pf_mm": 0.1032362015373099,
    "pf_scalar": 0.01,
    "s_obs": 0.0012232723374018615,
    "dis": 0.0012232723374018615,
    "m_mult_egg": 0.01027816711547622,
    "m_mult_larva": 0.059014700060729834,
    "m_mult_pupa": 0.010649551670873003,
    "m_mult_adult": 2.179352369926327,
    "m_mult_diapause": 2.021212843541275,
    "pf_max": 3.9944637270249537,
    "hill": 1.157255513206512
  },
  "stats": {
    "n": 548,
    "k": 14,
    "logL": -4168.524282114068,
    "NLL": 4168.524282114068,
    "AIC": 8365.048564228136,
    "BIC": 8425.336418245408,
    "AICc": 8365.836556723447,
    "R2_Linear": 0.23110118296070326,
    "RMSE_Linear": 20.382219280322744,
    "R2_Log10": 0.48536594467849703,
    "RMSE_Log10": 0.4224284804286177,
    "MAE": 8.014377201893499,
    "Bias": 0.014130084971716904,
    "Pearson_r_Linear": 0.4807913222731843,
    "Pearson_r_Log10": 0.7781933161998749,
    "Spearman_r_Linear": 0.7931075523953061,
    "Spearman_r_Log10": 0.7931075523953061
  },
  "scipy_result_success": false,
  "scipy_result_message": "Maximum number of iterations has been exceeded.",
  "csv_path": "./output_paraest/tokyo/Culex_pipiens/MEA/Cx_MEA_est_week_tokyo.csv",
  "param_csv_path": "./output_paraest/tokyo/Culex_pipiens/MEA/Cx_MEA_params_tokyo.csv",
  "source_design": "unified PCMP estimation program (species/integrator/config selectable, DE optimizer)",
  "generated_at": "2026-06-10T23:08:31"
}