{
  "label": "MEA",
  "full_name": "PCMP (adult diapause); Euler integration; Hill saturating washout; s_obs estimated; mortality estimated; Differential Evolution",
  "species": "Culex pipiens",
  "species_code": "Cx",
  "diapause": "adult",
  "integration": "Euler",
  "optimizer": "Differential Evolution",
  "config_key": "MA",
  "flags": {
    "washout_type": "hill",
    "s_obs_estimated": true,
    "mortality_estimated": true
  },
  "day_length": 50,
  "delta_t": 0.02,
  "DE_MAXITER": 250,
  "DE_POPSIZE": 12,
  "DE_SEEDS": [
    123
  ],
  "n_objective_evaluations": 42168,
  "elapsed_sec": 267.9911391735077,
  "best_log_likelihood": -729.1062040421501,
  "best_negative_log_likelihood": 729.1062040421501,
  "k_estimated_parameters": 14,
  "active_parameters": [
    "p_b1",
    "p_b2",
    "p_ccl",
    "p_a1l",
    "p_a2l",
    "p_pf",
    "p_dis_l",
    "p_m_mult_egg_l",
    "p_m_mult_larva_l",
    "p_m_mult_pupa_l",
    "p_m_mult_adult_l",
    "p_m_mult_diapause_l",
    "p_pf_max_l",
    "p_hill_l"
  ],
  "parameters": {
    "p_b1": 13.486262252371791,
    "p_b2": 11.820723252419223,
    "p_ccl": 0.6488973960917643,
    "p_a1l": 1.4892330322677192,
    "p_a2l": 0.5000312232081677,
    "p_pf": -0.22685873068979612,
    "p_pf_scalar_l": -2.0,
    "p_dis_l": -0.7371307285678181,
    "p_m_mult_egg_l": 0.9952813093433421,
    "p_m_mult_larva_l": -1.9295738240452063,
    "p_m_mult_pupa_l": 0.9999143600628697,
    "p_m_mult_adult_l": 0.49090241039665505,
    "p_m_mult_diapause_l": 0.765208020406311,
    "p_pf_max_l": 0.9066148687474342,
    "p_hill_l": 1.6320042880868917
  },
  "converted_parameters": {
    "a1": 30.848427607631372,
    "a2": 3.1625050174274536,
    "cc": 4.455509726602865,
    "pf_mm": 0.5931182254337829,
    "pf_scalar": 0.01,
    "s_obs": 0.18317629537202224,
    "dis": 0.18317629537202224,
    "m_mult_egg": 9.891936261799795,
    "m_mult_larva": 0.011760510553062058,
    "m_mult_pupa": 9.998028261987084,
    "m_mult_adult": 3.096723361381822,
    "m_mult_diapause": 5.823821030837753,
    "pf_max": 8.065194935723884,
    "hill": 42.85527517714071
  },
  "stats": {
    "n": 156,
    "k": 14,
    "logL": -729.1062040421501,
    "NLL": 729.1062040421501,
    "AIC": 1486.2124080843003,
    "BIC": 1528.9103921857939,
    "AICc": 1489.1911314885556,
    "R2_Linear": 0.26051856400183226,
    "RMSE_Linear": 9.652455142803602,
    "R2_Log10": 0.13012500678813188,
    "RMSE_Log10": 0.3260401313694792,
    "MAE": 5.254001715758975,
    "Bias": 0.030511873963030362,
    "Pearson_r_Linear": 0.5146437056514787,
    "Pearson_r_Log10": 0.5164568256771909,
    "Spearman_r_Linear": 0.5341839664008887,
    "Spearman_r_Log10": 0.5341839664008887
  },
  "scipy_result_success": false,
  "scipy_result_message": "Maximum number of iterations has been exceeded.",
  "csv_path": "./output_paraest/saitama/Culex_pipiens/MEA/Cx_MEA_est_week_saitama.csv",
  "param_csv_path": "./output_paraest/saitama/Culex_pipiens/MEA/Cx_MEA_params_saitama.csv",
  "source_design": "unified PCMP estimation program (species/integrator/config selectable, DE optimizer)",
  "generated_at": "2026-06-21T20:35:18"
}