{
  "label": "MRW",
  "full_name": "PCMP (adult diapause); RK4 integration; Hill saturating washout; s_obs fixed (0.01); mortality fixed (1.0); Differential Evolution",
  "species": "Culex pipiens",
  "species_code": "Cx",
  "diapause": "adult",
  "integration": "RK4",
  "optimizer": "Differential Evolution",
  "config_key": "MW",
  "flags": {
    "washout_type": "hill",
    "s_obs_estimated": false,
    "mortality_estimated": false
  },
  "day_length": 50,
  "delta_t": 0.02,
  "DE_MAXITER": 250,
  "DE_POPSIZE": 12,
  "DE_SEEDS": [
    123
  ],
  "n_objective_evaluations": 24096,
  "elapsed_sec": 1140.0748028755188,
  "best_log_likelihood": -4279.664181734551,
  "best_negative_log_likelihood": 4279.664181734551,
  "k_estimated_parameters": 8,
  "active_parameters": [
    "p_b1",
    "p_b2",
    "p_ccl",
    "p_a1l",
    "p_a2l",
    "p_pf",
    "p_pf_max_l",
    "p_hill_l"
  ],
  "parameters": {
    "p_b1": 14.06876802293327,
    "p_b2": 12.72114202599708,
    "p_ccl": 0.9499012760025669,
    "p_a1l": 1.021613753978943,
    "p_a2l": 0.5000091503173361,
    "p_pf": -0.7986622168399344,
    "p_pf_scalar_l": -2.0,
    "p_dis_l": -2.0,
    "p_m_mult_egg_l": 0.0,
    "p_m_mult_larva_l": 0.0,
    "p_m_mult_pupa_l": 0.0,
    "p_m_mult_adult_l": 0.0,
    "p_m_mult_diapause_l": 0.0,
    "p_pf_max_l": 0.8908688311009514,
    "p_hill_l": 0.5083349863552747
  },
  "converted_parameters": {
    "a1": 10.510267123670554,
    "a2": 3.1623442881135486,
    "cc": 8.910483616354597,
    "pf_mm": 0.15897827603085685,
    "pf_scalar": 0.01,
    "s_obs": 0.01,
    "dis": 0.01,
    "m_mult_egg": 1.0,
    "m_mult_larva": 1.0,
    "m_mult_pupa": 1.0,
    "m_mult_adult": 1.0,
    "m_mult_diapause": 1.0,
    "pf_max": 7.778015980481519,
    "hill": 3.223554271497717
  },
  "stats": {
    "n": 548,
    "k": 8,
    "logL": -4279.664181734551,
    "NLL": 4279.664181734551,
    "AIC": 8575.328363469102,
    "BIC": 8609.778565764685,
    "AICc": 8575.59552487912,
    "R2_Linear": 0.22008136349398777,
    "RMSE_Linear": 20.527758146191175,
    "R2_Log10": 0.4148032539773593,
    "RMSE_Log10": 0.4504585985730608,
    "MAE": 8.271590125864048,
    "Bias": 0.0006912829378141887,
    "Pearson_r_Linear": 0.4692093743083041,
    "Pearson_r_Log10": 0.7488560799767274,
    "Spearman_r_Linear": 0.7751897111488054,
    "Spearman_r_Log10": 0.7751897111488054
  },
  "scipy_result_success": false,
  "scipy_result_message": "Maximum number of iterations has been exceeded.",
  "csv_path": "./output_paraest/tokyo/Culex_pipiens/MRW/Cx_MRW_est_week_tokyo.csv",
  "param_csv_path": "./output_paraest/tokyo/Culex_pipiens/MRW/Cx_MRW_params_tokyo.csv",
  "source_design": "unified PCMP estimation program (species/integrator/config selectable, DE optimizer)",
  "generated_at": "2026-06-10T20:56:48"
}