{
  "label": "MEA-washout",
  "full_name": "PCMP (adult diapause); Euler integration; threshold washout (original PCMP); s_obs estimated; mortality estimated; Differential Evolution",
  "species": "Culex pipiens",
  "species_code": "Cx",
  "diapause": "adult",
  "integration": "Euler",
  "optimizer": "Differential Evolution",
  "config_key": "MA-washout",
  "flags": {
    "washout_type": "threshold",
    "s_obs_estimated": true,
    "mortality_estimated": true
  },
  "day_length": 50,
  "delta_t": 0.02,
  "DE_MAXITER": 250,
  "DE_POPSIZE": 12,
  "DE_SEEDS": [
    123
  ],
  "n_objective_evaluations": 36144,
  "elapsed_sec": 537.545215845108,
  "best_log_likelihood": -729.0508029353085,
  "best_negative_log_likelihood": 729.0508029353085,
  "k_estimated_parameters": 12,
  "active_parameters": [
    "p_b1",
    "p_b2",
    "p_ccl",
    "p_a1l",
    "p_a2l",
    "p_pf",
    "p_dis_l",
    "p_m_mult_egg_l",
    "p_m_mult_larva_l",
    "p_m_mult_pupa_l",
    "p_m_mult_adult_l",
    "p_m_mult_diapause_l"
  ],
  "parameters": {
    "p_b1": 13.48134981321823,
    "p_b2": 11.824225836363338,
    "p_ccl": 0.9796329534310959,
    "p_a1l": 1.496917571460685,
    "p_a2l": 0.5001819772546333,
    "p_pf": -0.24055135186053334,
    "p_pf_scalar_l": -2.0,
    "p_dis_l": -1.0833562481874905,
    "p_m_mult_egg_l": 0.9980822343180167,
    "p_m_mult_larva_l": -1.2377470360581173,
    "p_m_mult_pupa_l": 0.9992812740116441,
    "p_m_mult_adult_l": 0.48371980928575364,
    "p_m_mult_diapause_l": 0.7407035281666254,
    "p_pf_max_l": 0.0,
    "p_hill_l": 0.3010299956639812
  },
  "converted_parameters": {
    "a1": 31.399126858901226,
    "a2": 3.163602989437894,
    "cc": 9.541858093216106,
    "pf_mm": 0.5747098599681256,
    "pf_scalar": 0.01,
    "s_obs": 0.08253606352844493,
    "dis": 0.08253606352844493,
    "m_mult_egg": 9.955939167208976,
    "m_mult_larva": 0.05784328696745763,
    "m_mult_pupa": 9.983464408910848,
    "m_mult_adult": 3.0459292348534324,
    "m_mult_diapause": 5.504318149495694,
    "pf_max": 1.0,
    "hill": 2.0
  },
  "stats": {
    "n": 156,
    "k": 12,
    "logL": -729.0508029353085,
    "NLL": 729.0508029353085,
    "AIC": 1482.101605870617,
    "BIC": 1518.6998779576115,
    "AICc": 1484.2834240524353,
    "R2_Linear": 0.25910453456055327,
    "RMSE_Linear": 9.661679402207524,
    "R2_Log10": 0.13192532313555294,
    "RMSE_Log10": 0.3257025659706351,
    "MAE": 5.2513836676678505,
    "Bias": 0.03941005803461778,
    "Pearson_r_Linear": 0.5137052695369227,
    "Pearson_r_Log10": 0.5170533084129733,
    "Spearman_r_Linear": 0.5362683247702894,
    "Spearman_r_Log10": 0.5362683247702894
  },
  "scipy_result_success": false,
  "scipy_result_message": "Maximum number of iterations has been exceeded.",
  "csv_path": "./output_paraest/saitama/Culex_pipiens/MEA_washout/Cx_MEA_washout_est_week_saitama.csv",
  "param_csv_path": "./output_paraest/saitama/Culex_pipiens/MEA_washout/Cx_MEA_washout_params_saitama.csv",
  "source_design": "unified PCMP estimation program (species/integrator/config selectable, DE optimizer)",
  "generated_at": "2026-06-11T01:20:20"
}