{
  "label": "MRS",
  "full_name": "PCMP (adult diapause); RK4 integration; threshold washout (original PCMP); s_obs estimated; mortality fixed (1.0); Differential Evolution",
  "species": "Culex pipiens",
  "species_code": "Cx",
  "diapause": "adult",
  "integration": "RK4",
  "optimizer": "Differential Evolution",
  "config_key": "MS",
  "flags": {
    "washout_type": "threshold",
    "s_obs_estimated": true,
    "mortality_estimated": false
  },
  "day_length": 50,
  "delta_t": 0.02,
  "DE_MAXITER": 250,
  "DE_POPSIZE": 12,
  "DE_SEEDS": [
    123
  ],
  "n_objective_evaluations": 21084,
  "elapsed_sec": 2072.082349061966,
  "best_log_likelihood": -765.7827477174166,
  "best_negative_log_likelihood": 765.7827477174166,
  "k_estimated_parameters": 7,
  "active_parameters": [
    "p_b1",
    "p_b2",
    "p_ccl",
    "p_a1l",
    "p_a2l",
    "p_pf",
    "p_dis_l"
  ],
  "parameters": {
    "p_b1": 13.999999863397266,
    "p_b2": 11.975591601072122,
    "p_ccl": 1.69009896413401,
    "p_a1l": 1.2666376116939504,
    "p_a2l": 0.5000011538434734,
    "p_pf": -0.9025760330861934,
    "p_pf_scalar_l": -2.0,
    "p_dis_l": -2.9638981749239024,
    "p_m_mult_egg_l": 0.0,
    "p_m_mult_larva_l": 0.0,
    "p_m_mult_pupa_l": 0.0,
    "p_m_mult_adult_l": 0.0,
    "p_m_mult_diapause_l": 0.0,
    "p_pf_max_l": 0.0,
    "p_hill_l": 0.3010299956639812
  },
  "converted_parameters": {
    "a1": 18.47726177547347,
    "a2": 3.1622860617908692,
    "cc": 48.989043962089305,
    "pf_mm": 0.12514801539033799,
    "pf_scalar": 0.01,
    "s_obs": 0.0010866803778128596,
    "dis": 0.0010866803778128596,
    "m_mult_egg": 1.0,
    "m_mult_larva": 1.0,
    "m_mult_pupa": 1.0,
    "m_mult_adult": 1.0,
    "m_mult_diapause": 1.0,
    "pf_max": 1.0,
    "hill": 2.0
  },
  "stats": {
    "n": 156,
    "k": 7,
    "logL": -765.7827477174166,
    "NLL": 765.7827477174166,
    "AIC": 1545.565495434833,
    "BIC": 1566.91448748558,
    "AICc": 1546.3222521915898,
    "R2_Linear": 0.2130700651281111,
    "RMSE_Linear": 9.957313645514832,
    "R2_Log10": 0.11732025246233402,
    "RMSE_Log10": 0.3284310565782982,
    "MAE": 5.127451899947251,
    "Bias": -0.001652738527669183,
    "Pearson_r_Linear": 0.4754250224484485,
    "Pearson_r_Log10": 0.5055810002842824,
    "Spearman_r_Linear": 0.6289807129159791,
    "Spearman_r_Log10": 0.6289807129159791
  },
  "scipy_result_success": false,
  "scipy_result_message": "Maximum number of iterations has been exceeded.",
  "csv_path": "./output_paraest/saitama/Culex_pipiens/MRS/Cx_MRS_est_week_saitama.csv",
  "param_csv_path": "./output_paraest/saitama/Culex_pipiens/MRS/Cx_MRS_params_saitama.csv",
  "source_design": "unified PCMP estimation program (species/integrator/config selectable, DE optimizer)",
  "generated_at": "2026-06-11T00:17:34"
}